Time,Time Code,Country Name,Country Code,CO2 emissions (kt) [EN.ATM.CO2E.KT],"Population, total [SP.POP.TOTL]","GDP per capita, PPP (constant 2017 international $) [NY.GDP.PCAP.PP.KD]"
1992,YR1992,Andorra,AND,410,57283,..
1992,YR1992,Austria,AUT,57660,7840709,38774.4902606316
1992,YR1992,Belgium,BEL,112330,10045158,36426.9931547081
1992,YR1992,Croatia,HRV,15040,4575818,..
1992,YR1992,Cyprus,CYP,5480,810431,26386.578125
1992,YR1992,Czechia,CZE,134140,10319123,20768.7881664466
1992,YR1992,Denmark,DNK,57030,5171370,40108.8919453015
1992,YR1992,Estonia,EST,23820,1533091,..
1992,YR1992,Finland,FIN,52280,5041992,29648.7439434243
1992,YR1992,France,FRA,368590,58849943,34269.2834434525
1992,YR1992,Germany,DEU,892820,80624598,38734.9384083447
1992,YR1992,Greece,GRC,78180,10399061,24700.1305911615
1992,YR1992,Hungary,HUN,58000,10369341,15932.4996239844
1992,YR1992,Iceland,ISL,1940,261057,..
1992,YR1992,Ireland,IRL,31510,3558430,27780.2292534741
1992,YR1992,Italy,ITA,402270,56797087,37407.1113238593
1992,YR1992,Liechtenstein,LIE,210,29581,..
1992,YR1992,Lithuania,LTU,19980,3700114,..
1992,YR1992,Luxembourg,LUX,11440,392175,76323.3047532824
1992,YR1992,Netherlands,NLD,153250,15184166,37405.9299673421
1992,YR1992,Norway,NOR,30200,4286401,44517.4357160017
1992,YR1992,Poland,POL,343370,38363667,10662.0805170735
1992,YR1992,Portugal,PRT,46770,9952494,24930.4506344601
1992,YR1992,Romania,ROU,126190,22794284,10816.9337179519
1992,YR1992,San Marino,SMR,..,23808,..
1992,YR1992,Slovak Republic,SVK,46100,5305016,11663.992330789
1992,YR1992,Slovenia,SVN,12830,1996498,..
1992,YR1992,Spain,ESP,232370,39157685,28280.3260908948
1992,YR1992,Sweden,SWE,56750,8668067,32953.6182903423
1992,YR1992,Switzerland,CHE,45700,6875364,55123.8383797844
1992,YR1992,United Kingdom,GBR,557890,57580402,31134.0426021928
1993,YR1993,Andorra,AND,410,59156,..
1993,YR1993,Austria,AUT,57800,7905633,38658.6497800224
1993,YR1993,Belgium,BEL,110110,10084475,35935.9573927225
1993,YR1993,Croatia,HRV,15540,4600463,..
1993,YR1993,Cyprus,CYP,5740,825986,25937.3125
1993,YR1993,Czechia,CZE,130980,10329855,20760.0542509881
1993,YR1993,Denmark,DNK,59360,5188628,39979.7573849561
1993,YR1993,Estonia,EST,18340,1494128,..
1993,YR1993,Finland,FIN,53460,5066447,29310.3070704183
1993,YR1993,France,FRA,349420,59106166,33906.2218602936
1993,YR1993,Germany,DEU,887060,81156363,38105.2306021284
1993,YR1993,Greece,GRC,78090,10460415,24162.3715328916
1993,YR1993,Hungary,HUN,58380,10357523,15858.7854892973
1993,YR1993,Iceland,ISL,1980,263725,..
1993,YR1993,Ireland,IRL,31650,3576261,28386.0024217672
1993,YR1993,Italy,ITA,396930,56831821,37065.4341248987
1993,YR1993,Liechtenstein,LIE,220,30012,..
1993,YR1993,Lithuania,LTU,15740,3682613,..
1993,YR1993,Luxembourg,LUX,11650,397475,78468.9217598348
1993,YR1993,Netherlands,NLD,158150,15290368,37613.2521936233
1993,YR1993,Norway,NOR,32430,4311991,45512.3902170491
1993,YR1993,Poland,POL,344020,38461408,11032.5539913076
1993,YR1993,Portugal,PRT,45790,9964675,24391.1998484727
1993,YR1993,Romania,ROU,117700,22763280,10997.264832961
1993,YR1993,San Marino,SMR,..,24181,..
1993,YR1993,Slovak Republic,SVK,44320,5325305,11840.4792595749
1993,YR1993,Slovenia,SVN,13560,1991746,..
1993,YR1993,Spain,ESP,218080,39361262,27843.8593467468
1993,YR1993,Sweden,SWE,56500,8718561,32086.0126428301
1993,YR1993,Switzerland,CHE,43450,6938265,54555.2787822444
1993,YR1993,United Kingdom,GBR,541380,57718614,31832.8183481179
1994,YR1994,Andorra,AND,410,61037,..
1994,YR1994,Austria,AUT,58280,7936118,39435.210024783
1994,YR1994,Belgium,BEL,114900,10115603,36981.4489459975
1994,YR1994,Croatia,HRV,14870,4652024,..
1994,YR1994,Cyprus,CYP,5980,844444,26905.345703125
1994,YR1994,Czechia,CZE,124710,10333587,21356.3127969696
1994,YR1994,Denmark,DNK,63200,5206180,41969.6887111547
1994,YR1994,Estonia,EST,17820,1462514,..
1994,YR1994,Finland,FIN,59930,5088333,30340.8238404135
1994,YR1994,France,FRA,344400,59327585,34576.319428202
1994,YR1994,Germany,DEU,875900,81438348,38881.5691219288
1994,YR1994,Greece,GRC,79730,10512922,24522.5259874915
1994,YR1994,Hungary,HUN,57780,10343355,16348.5314766891
1994,YR1994,Iceland,ISL,2090,266021,..
1994,YR1994,Ireland,IRL,32820,3590386,29901.750009353
1994,YR1994,Italy,ITA,392290,56843400,37855.0077387082
1994,YR1994,Liechtenstein,LIE,200,30447,..
1994,YR1994,Lithuania,LTU,14810,3657144,..
1994,YR1994,Luxembourg,LUX,10810,402925,80365.2245079687
1994,YR1994,Netherlands,NLD,157260,15382838,38494.2178517725
1994,YR1994,Norway,NOR,34410,4336613,47541.7667101406
1994,YR1994,Poland,POL,339750,38542652,11591.9988643683
1994,YR1994,Portugal,PRT,47300,9991525,24560.3570613836
1994,YR1994,Romania,ROU,115160,22730211,11446.2994209836
1994,YR1994,San Marino,SMR,..,24535,..
1994,YR1994,Slovak Republic,SVK,41700,5346331,12525.7880943071
1994,YR1994,Slovenia,SVN,13610,1989443,..
1994,YR1994,Spain,ESP,228450,39549108,28372.0314344106
1994,YR1994,Sweden,SWE,58490,8780745,33110.8255761839
1994,YR1994,Switzerland,CHE,42590,6993795,54809.335298076
1994,YR1994,United Kingdom,GBR,535180,57865745,32973.0595774302
1995,YR1995,Andorra,AND,430,62928,..
1995,YR1995,Austria,AUT,61180,7948278,40425.3937190819
1995,YR1995,Belgium,BEL,114570,10136811,37784.149887365
1995,YR1995,Croatia,HRV,15460,4620030,15070.8552651381
1995,YR1995,Cyprus,CYP,5850,862418,28631.46875
1995,YR1995,Czechia,CZE,125180,10327253,22758.5968118404
1995,YR1995,Denmark,DNK,60000,5233373,43015.6775097607
1995,YR1995,Estonia,EST,16260,1436634,12730.7174142214
1995,YR1995,Finland,FIN,56090,5107790,31499.80577579
1995,YR1995,France,FRA,352240,59543659,35176.6221101421
1995,YR1995,Germany,DEU,874660,81678051,39366.0886366488
1995,YR1995,Greece,GRC,82830,10562153,24920.72893517
1995,YR1995,Hungary,HUN,57430,10328965,16615.1625534699
1995,YR1995,Iceland,ISL,2000,267468,33666.1804992579
1995,YR1995,Ireland,IRL,33450,3608841,32614.9661080609
1995,YR1995,Italy,ITA,416420,56844303,38947.2013118497
1995,YR1995,Liechtenstein,LIE,200,30890,..
1995,YR1995,Lithuania,LTU,13740,3629102,10640.3600314613
1995,YR1995,Luxembourg,LUX,8660,408625,80379.1276289992
1995,YR1995,Netherlands,NLD,164110,15459006,39498.1368221301
1995,YR1995,Norway,NOR,34390,4359184,49260.9695215676
1995,YR1995,Poland,POL,340000,38594998,12398.5241269417
1995,YR1995,Portugal,PRT,50690,10026176,25523.7060223176
1995,YR1995,Romania,ROU,120880,22684270,12184.4322862025
1995,YR1995,San Marino,SMR,..,24886,..
1995,YR1995,Slovak Republic,SVK,42370,5361999,13218.9921162575
1995,YR1995,Slovenia,SVN,14470,1989872,21480.327975747
1995,YR1995,Spain,ESP,240570,39724050,29025.9945784136
1995,YR1995,Sweden,SWE,58230,8826939,34233.7027776288
1995,YR1995,Switzerland,CHE,43440,7040687,54706.1015073424
1995,YR1995,United Kingdom,GBR,526810,58019030,33718.5090841434
1996,YR1996,Andorra,AND,450,64147,..
1996,YR1996,Austria,AUT,64900,7959017,41319.3749974645
1996,YR1996,Belgium,BEL,119450,10156637,38208.7186734905
1996,YR1996,Croatia,HRV,15260,4557097,16234.405553222
1996,YR1996,Cyprus,CYP,6210,880058,28530.576171875
1996,YR1996,Czechia,CZE,126740,10315241,23756.9783859253
1996,YR1996,Denmark,DNK,73340,5263074,44013.3855851544
1996,YR1996,Estonia,EST,17200,1415594,13558.5685292989
1996,YR1996,Finland,FIN,62570,5124573,32548.0151553704
1996,YR1996,France,FRA,367900,59756533,35546.5832844174
1996,YR1996,Germany,DEU,904340,81914831,39568.6024740843
1996,YR1996,Greece,GRC,82750,10608800,25521.2793744832
1996,YR1996,Hungary,HUN,58450,10311238,16657.4438558668
1996,YR1996,Iceland,ISL,2270,268916,35014.1990887885
1996,YR1996,Ireland,IRL,34820,3637510,34745.803883287
1996,YR1996,Italy,ITA,412150,56860281,39429.4955552037
1996,YR1996,Liechtenstein,LIE,210,31337,..
1996,YR1996,Lithuania,LTU,14230,3601613,11274.6401082973
1996,YR1996,Luxembourg,LUX,8740,414225,80401.0320167454
1996,YR1996,Netherlands,NLD,173620,15530498,40691.8903167389
1996,YR1996,Norway,NOR,34600,4381336,51476.1992154047
1996,YR1996,Poland,POL,355320,38624370,13146.7560855391
1996,YR1996,Portugal,PRT,48740,10063945,26318.9751263398
1996,YR1996,Romania,ROU,124210,22619004,12697.0950214738
1996,YR1996,San Marino,SMR,..,25235,..
1996,YR1996,Slovak Republic,SVK,42170,5373361,14064.2739294874
1996,YR1996,Slovenia,SVN,15290,1988628,22182.2116895007
1996,YR1996,Spain,ESP,230110,39889852,29674.392750146
1996,YR1996,Sweden,SWE,63650,8840998,34719.1107469171
1996,YR1996,Switzerland,CHE,44010,7071850,54721.7149782014
1996,YR1996,United Kingdom,GBR,545480,58166950,34274.4103004204
1997,YR1997,Andorra,AND,470,64682,..
1997,YR1997,Austria,AUT,64220,7968041,42136.6622802741
1997,YR1997,Belgium,BEL,116630,10181245,39562.3729801955
1997,YR1997,Croatia,HRV,17070,4534920,17320.8777002177
1997,YR1997,Cyprus,CYP,6300,897471,28871.865234375
1997,YR1997,Czechia,CZE,124790,10304131,23659.3207939067
1997,YR1997,Denmark,DNK,63650,5284991,45260.1371186812
1997,YR1997,Estonia,EST,16770,1399535,15503.8448315578
1997,YR1997,Finland,FIN,60620,5139835,34506.7718790729
1997,YR1997,France,FRA,359070,59969944,36247.6042941415
1997,YR1997,Germany,DEU,872650,82034771,40218.8468799392
1997,YR1997,Greece,GRC,83760,10661259,26534.4950478701
1997,YR1997,Hungary,HUN,56990,10290486,17215.6552344826
1997,YR1997,Iceland,ISL,2150,271128,36732.9319274562
1997,YR1997,Ireland,IRL,35970,3674171,38190.4980640358
1997,YR1997,Italy,ITA,415520,56890372,40129.9018819235
1997,YR1997,Liechtenstein,LIE,220,31770,..
1997,YR1997,Lithuania,LTU,13920,3575137,12302.1012042126
1997,YR1997,Luxembourg,LUX,8240,419450,83702.8135298171
1997,YR1997,Netherlands,NLD,166310,15610650,42235.4890688287
1997,YR1997,Norway,NOR,36540,4405157,53903.4378206491
1997,YR1997,Poland,POL,344630,38649660,13985.4335763903
1997,YR1997,Portugal,PRT,50930,10108977,27354.8368117354
1997,YR1997,Romania,ROU,113610,22553978,12116.237151844
1997,YR1997,San Marino,SMR,..,25596,66407.5139212185
1997,YR1997,Slovak Republic,SVK,42270,5383291,14870.2196437424
1997,YR1997,Slovenia,SVN,15730,1985956,23333.7196815717
1997,YR1997,Spain,ESP,248600,40057389,30644.3794443942
1997,YR1997,Sweden,SWE,57380,8846062,35764.6847640308
1997,YR1997,Switzerland,CHE,42750,7088906,55824.5124855607
1997,YR1997,United Kingdom,GBR,524190,58316954,35679.0192763027
1998,YR1998,Andorra,AND,490,65186,..
1998,YR1998,Austria,AUT,64670,7976789,43597.8900710725
1998,YR1998,Belgium,BEL,119410,10203008,40252.4689057051
1998,YR1998,Croatia,HRV,18530,4532135,17734.5050116504
1998,YR1998,Cyprus,CYP,6610,914660,30262.837890625
1998,YR1998,Czechia,CZE,118920,10294373,23597.3061804104
1998,YR1998,Denmark,DNK,59710,5304219,46096.3697234041
1998,YR1998,Estonia,EST,16240,1386156,16332.8199308887
1998,YR1998,Finland,FIN,57270,5153498,36293.3915600144
1998,YR1998,France,FRA,381110,60192790,37409.3954906364
1998,YR1998,Germany,DEU,865250,82047195,41022.6146311397
1998,YR1998,Greece,GRC,87130,10720509,27415.6259519279
1998,YR1998,Hungary,HUN,57350,10266570,17928.7345289766
1998,YR1998,Iceland,ISL,2150,274047,39017.4376817623
1998,YR1998,Ireland,IRL,38420,3712696,41107.2990688178
1998,YR1998,Italy,ITA,426370,56906744,40844.745605278
1998,YR1998,Liechtenstein,LIE,230,32190,..
1998,YR1998,Lithuania,LTU,14710,3549331,13317.9077290717
1998,YR1998,Luxembourg,LUX,7570,424700,88185.8001102476
1998,YR1998,Netherlands,NLD,166730,15707209,43933.5681069516
1998,YR1998,Norway,NOR,37890,4431464,54989.7027325446
1998,YR1998,Poland,POL,318410,38663481,14629.1983574495
1998,YR1998,Portugal,PRT,55600,10160196,28525.5174324377
1998,YR1998,Romania,ROU,99540,22507344,11894.8948267569
1998,YR1998,San Marino,SMR,..,25997,70264.447114394
1998,YR1998,Slovak Republic,SVK,41400,5390516,15455.6010850632
1998,YR1998,Slovenia,SVN,15500,1981629,24151.5389832882
1998,YR1998,Spain,ESP,256220,40223509,31858.4991101859
1998,YR1998,Sweden,SWE,58360,8850974,37286.0953943757
1998,YR1998,Switzerland,CHE,44250,7110001,57345.3311137561
1998,YR1998,United Kingdom,GBR,526000,58487141,36698.4110630247
1999,YR1999,Andorra,AND,510,65655,..
1999,YR1999,Austria,AUT,63050,7992324,45060.6187543953
1999,YR1999,Belgium,BEL,115510,10226419,41583.0973922951
1999,YR1999,Croatia,HRV,18520,4512597,17678.3897811663
1999,YR1999,Cyprus,CYP,6870,931600,31421.783203125
1999,YR1999,Czechia,CZE,111950,10283860,23948.3850340351
1999,YR1999,Denmark,DNK,56730,5321799,47298.5373518437
1999,YR1999,Estonia,EST,15290,1390244,16215.5789517586
1999,YR1999,Finland,FIN,56510,5165474,37795.0577604714
1999,YR1999,France,FRA,374900,60504420,38490.040182087
1999,YR1999,Germany,DEU,833590,82100243,41769.8120329084
1999,YR1999,Greece,GRC,87400,10761698,28149.843755764
1999,YR1999,Hungary,HUN,57910,10237530,18531.7496543312
1999,YR1999,Iceland,ISL,2120,277381,40103.865986755
1999,YR1999,Ireland,IRL,39970,3754786,44926.5289446156
1999,YR1999,Italy,ITA,433010,56916317,41501.788369041
1999,YR1999,Liechtenstein,LIE,230,32615,..
1999,YR1999,Lithuania,LTU,12250,3524238,13259.6169504528
1999,YR1999,Luxembourg,LUX,7920,430475,94115.3840349976
1999,YR1999,Netherlands,NLD,161450,15812088,45839.1314634489
1999,YR1999,Norway,NOR,39700,4461913,55713.7558893203
1999,YR1999,Poland,POL,308980,38660271,15311.4429382645
1999,YR1999,Portugal,PRT,62210,10217828,29472.7098799307
1999,YR1999,Romania,ROU,84990,22472040,11868.7081497906
1999,YR1999,San Marino,SMR,..,26404,75441.8387711065
1999,YR1999,Slovak Republic,SVK,40660,5396020,15423.4831045824
1999,YR1999,Slovenia,SVN,14910,1983045,25421.2948966234
1999,YR1999,Spain,ESP,278300,40386875,33154.4666207698
1999,YR1999,Sweden,SWE,57260,8857874,38839.4262714954
1999,YR1999,Switzerland,CHE,44530,7143991,58021.4359714063
1999,YR1999,United Kingdom,GBR,522750,58682466,37678.6944025227
2000,YR2000,Andorra,AND,520,66097,..
2000,YR2000,Austria,AUT,63530,8011566,46469.8610601036
2000,YR2000,Belgium,BEL,117270,10251250,43024.1399101042
2000,YR2000,Croatia,HRV,18040,4468302,18364.9786763039
2000,YR2000,Cyprus,CYP,7130,948237,32943.90625
2000,YR2000,Czechia,CZE,123170,10255063,24976.5063182959
2000,YR2000,Denmark,DNK,52600,5339616,48907.0114021027
2000,YR2000,Estonia,EST,14920,1396985,17765.2075336124
2000,YR2000,Finland,FIN,55100,5176209,39894.1944569685
2000,YR2000,France,FRA,373120,60921384,39726.4884007159
2000,YR2000,Germany,DEU,830280,82211508,42928.1813366719
2000,YR2000,Greece,GRC,94460,10805808,29133.8394364843
2000,YR2000,Hungary,HUN,54630,10210971,19412.1834111207
2000,YR2000,Iceland,ISL,2230,281205,41530.5173238278
2000,YR2000,Ireland,IRL,42530,3805174,48500.3473666542
2000,YR2000,Italy,ITA,436300,56942108,43053.93306429
2000,YR2000,Liechtenstein,LIE,220,33026,..
2000,YR2000,Lithuania,LTU,10510,3499536,13846.6832884609
2000,YR2000,Luxembourg,LUX,8560,436300,99301.5269991515
2000,YR2000,Netherlands,NLD,162100,15925513,47422.2034047837
2000,YR2000,Norway,NOR,34290,4490967,57127.3819959897
2000,YR2000,Poland,POL,295770,38258629,16177.8676699697
2000,YR2000,Portugal,PRT,61660,10289898,30383.1378175177
2000,YR2000,Romania,ROU,89020,22442971,12176.5794995535
2000,YR2000,San Marino,SMR,..,26823,75881.8484368652
2000,YR2000,Slovak Republic,SVK,38070,5388720,15624.5397672777
2000,YR2000,Slovenia,SVN,14540,1988925,26276.9445587635
2000,YR2000,Spain,ESP,293310,40567864,34738.0568248096
2000,YR2000,Sweden,SWE,53280,8872109,40625.3620520538
2000,YR2000,Switzerland,CHE,43710,7184250,59980.3309146065
2000,YR2000,United Kingdom,GBR,530890,58892514,39080.8667573272
2001,YR2001,Andorra,AND,520,67820,..
2001,YR2001,Austria,AUT,67910,8042293,46878.9162398602
2001,YR2001,Belgium,BEL,118340,10286570,43347.8892099274
2001,YR2001,Croatia,HRV,19200,4299642,19672.1961430575
2001,YR2001,Cyprus,CYP,6990,964830,33878.89453125
2001,YR2001,Czechia,CZE,122720,10216605,25833.4146699938
2001,YR2001,Denmark,DNK,54250,5358783,49133.2231026505
2001,YR2001,Estonia,EST,15380,1388115,18952.1070075434
2001,YR2001,Finland,FIN,61090,5188008,40842.3417724243
2001,YR2001,France,FRA,376730,61367388,40220.1008603728
2001,YR2001,Germany,DEU,847680,82349925,43576.6365260124
2001,YR2001,Greece,GRC,96610,10862132,30180.2258479604
2001,YR2001,Hungary,HUN,56280,10187576,20249.4476396525
2001,YR2001,Iceland,ISL,2160,284968,42626.9230684437
2001,YR2001,Ireland,IRL,44820,3866243,50266.9576734743
2001,YR2001,Italy,ITA,436570,56974100,43869.4279411713
2001,YR2001,Liechtenstein,LIE,210,33376,..
2001,YR2001,Lithuania,LTU,11150,3470818,14872.3790941775
2001,YR2001,Luxembourg,LUX,9120,441525,101143.147977096
2001,YR2001,Netherlands,NLD,167120,16046180,48160.7843668965
2001,YR2001,Norway,NOR,34720,4513751,58018.3114261599
2001,YR2001,Poland,POL,293630,38248076,16385.9971738588
2001,YR2001,Portugal,PRT,61380,10362722,30756.0189546063
2001,YR2001,Romania,ROU,95230,22131970,12992.0052923653
2001,YR2001,San Marino,SMR,..,27335,78614.202693694
2001,YR2001,Slovak Republic,SVK,38580,5378867,16162.4808121368
2001,YR2001,Slovenia,SVN,15380,1992060,27079.4748981347
2001,YR2001,Spain,ESP,294790,40850412,35854.5847170553
2001,YR2001,Sweden,SWE,52500,8895960,41103.7264589774
2001,YR2001,Switzerland,CHE,45150,7229854,60541.1168104481
2001,YR2001,United Kingdom,GBR,545260,59119673,39770.6060210997
2002,YR2002,Andorra,AND,529.999971389771,70849,..
2002,YR2002,Austria,AUT,69370.002746582,8081957,47419.2784117541
2002,YR2002,Belgium,BEL,110849.998474121,10332785,43890.5981100134
2002,YR2002,Croatia,HRV,20280.0006866455,4302174,20793.7649202038
2002,YR2002,Cyprus,CYP,7170.00007629395,982194,34739.77734375
2002,YR2002,Czechia,CZE,118529.998779297,10196916,26289.6261389536
2002,YR2002,Denmark,DNK,53840.0001525879,5375931,49204.8990055345
2002,YR2002,Estonia,EST,14949.9998092651,1379350,20364.0087374035
2002,YR2002,Finland,FIN,63439.998626709,5200598,41439.019233448
2002,YR2002,France,FRA,371019.989013672,61816234,40381.4595325319
2002,YR2002,Germany,DEU,833380.004882813,82488495,43417.3079988044
2002,YR2002,Greece,GRC,96599.9984741211,10902022,31249.3973548441
2002,YR2002,Hungary,HUN,55599.9984741211,10158608,21270.0124793944
2002,YR2002,Iceland,ISL,2240.00000953674,287523,42484.5161077418
2002,YR2002,Ireland,IRL,43930.0003051758,3931947,52342.8603565805
2002,YR2002,Italy,ITA,443470.001220703,57059007,43915.385340484
2002,YR2002,Liechtenstein,LIE,219.999998807907,33693,..
2002,YR2002,Lithuania,LTU,11220.0002670288,3443067,16004.4388997159
2002,YR2002,Luxembourg,LUX,9819.99969482422,446175,103317.331098088
2002,YR2002,Netherlands,NLD,167429.992675781,16148929,47958.3319661157
2002,YR2002,Norway,NOR,34369.9989318848,4538159,58540.8454427638
2002,YR2002,Poland,POL,287320.007324219,38230364,16727.3397661722
2002,YR2002,Portugal,PRT,65599.9984741211,10419631,30823.8490440796
2002,YR2002,Romania,ROU,93739.9978637695,21730496,13986.6562544411
2002,YR2002,San Marino,SMR,..,27969,77070.9742314626
2002,YR2002,Slovak Republic,SVK,38069.9996948242,5376912,16897.4603971863
2002,YR2002,Slovenia,SVN,15520.0004577637,1994530,27994.0619768923
2002,YR2002,Spain,ESP,312750,41431558,36317.1006783319
2002,YR2002,Sweden,SWE,54020.0004577637,8924958,41870.2591560099
2002,YR2002,Switzerland,CHE,43569.9996948242,7284753,60040.8774112494
2002,YR2002,United Kingdom,GBR,530789.978027344,59370479,40303.8672354951
2003,YR2003,Andorra,AND,529.999971389771,73907,..
2003,YR2003,Austria,AUT,74459.9990844727,8121423,47633.1140009916
2003,YR2003,Belgium,BEL,115500,10376133,44160.9114292454
2003,YR2003,Croatia,HRV,21610.0006103516,4303399,21944.4266405828
2003,YR2003,Cyprus,CYP,7829.99992370605,1000350,35220.4453125
2003,YR2003,Czechia,CZE,122769.996643066,10193998,27239.5594440384
2003,YR2003,Denmark,DNK,59229.9995422363,5390574,49262.6449732556
2003,YR2003,Estonia,EST,16940.0005340576,1370720,22049.6827903416
2003,YR2003,Finland,FIN,71709.9990844727,5213014,42168.6934671901
2003,YR2003,France,FRA,376709.991455078,62256970,40425.6380520509
2003,YR2003,Germany,DEU,836789.978027344,82534176,43089.4738197519
2003,YR2003,Greece,GRC,100220.001220703,10928070,32981.3517843691
2003,YR2003,Hungary,HUN,58189.998626709,10129552,22200.1034081041
2003,YR2003,Iceland,ISL,2230.00001907349,289521,43095.3568616423
2003,YR2003,Ireland,IRL,44090.0001525879,3996521,53049.1678621127
2003,YR2003,Italy,ITA,462200.012207031,57313203,43781.2199783421
2003,YR2003,Liechtenstein,LIE,230.000004172325,34000,..
2003,YR2003,Lithuania,LTU,11229.9995422363,3415213,17839.7827376226
2003,YR2003,Luxembourg,LUX,10239.9997711182,451630,104743.000088458
2003,YR2003,Netherlands,NLD,170360.000610352,16225302,47806.8844286609
2003,YR2003,Norway,NOR,37169.9981689453,4564855,58728.1569902155
2003,YR2003,Poland,POL,297730.010986328,38204570,17324.2161873998
2003,YR2003,Portugal,PRT,60520.0004577637,10458821,30422.6020285721
2003,YR2003,Romania,ROU,98139.9993896484,21574326,14417.7199430696
2003,YR2003,San Marino,SMR,..,28601,78286.9016424402
2003,YR2003,Slovak Republic,SVK,38330.0018310547,5373374,17838.4034249237
2003,YR2003,Slovenia,SVN,15409.9998474121,1995733,28805.3851190536
2003,YR2003,Spain,ESP,318660.003662109,42187645,36729.7697105221
2003,YR2003,Sweden,SWE,55200.0007629395,8958229,42678.2841388566
2003,YR2003,Switzerland,CHE,44840.0001525879,7339001,59577.7622087745
2003,YR2003,United Kingdom,GBR,543039.978027344,59647577,41369.4959277234
2004,YR2004,Andorra,AND,560.000002384186,76933,..
2004,YR2004,Austria,AUT,75800.0030517578,8171966,48633.2718157639
2004,YR2004,Belgium,BEL,114019.996643066,10421137,45540.4669120107
2004,YR2004,Croatia,HRV,21100.0003814697,4304600,22849.6528412662
2004,YR2004,Cyprus,CYP,7780.00020980835,1018684,36499.234375
2004,YR2004,Czechia,CZE,123440.002441406,10197101,28542.2548172745
2004,YR2004,Denmark,DNK,53729.9995422363,5404523,50446.5416048985
2004,YR2004,Estonia,EST,17020.0004577637,1362550,23691.1529865284
2004,YR2004,Finland,FIN,67680.0003051758,5228172,43724.9661225981
2004,YR2004,France,FRA,377790.008544922,62716306,41265.1269211355
2004,YR2004,Germany,DEU,821070.007324219,82516260,43605.2786723109
2004,YR2004,Greece,GRC,99839.9963378906,10955141,34564.9112761871
2004,YR2004,Hungary,HUN,56349.9984741211,10107146,23362.8116037033
2004,YR2004,Iceland,ISL,2319.9999332428,292074,46051.74388765
2004,YR2004,Ireland,IRL,44689.998626709,4070262,55623.8868409015
2004,YR2004,Italy,ITA,472399.993896484,57685327,44118.0366368665
2004,YR2004,Liechtenstein,LIE,230.000004172325,34300,..
2004,YR2004,Lithuania,LTU,11909.9998474121,3377075,19226.4692652314
2004,YR2004,Luxembourg,LUX,11659.9998474121,458095,107634.837198018
2004,YR2004,Netherlands,NLD,172119.995117188,16281779,48586.7046242077
2004,YR2004,Norway,NOR,37340.0001525879,4591910,60699.5665822807
2004,YR2004,Poland,POL,301850.006103516,38182222,18198.100044371
2004,YR2004,Portugal,PRT,62130.0010681152,10483861,30892.8198811263
2004,YR2004,Romania,ROU,95349.9984741211,21451748,16012.1919147676
2004,YR2004,San Marino,SMR,..,29093,80463.8951122995
2004,YR2004,Slovak Republic,SVK,37430.0003051758,5372280,18783.8957986386
2004,YR2004,Slovenia,SVN,15699.9998092651,1997012,30041.8145706637
2004,YR2004,Spain,ESP,335559.997558594,42921895,37228.7982165672
2004,YR2004,Sweden,SWE,53590.0001525879,8993531,44354.3910620977
2004,YR2004,Switzerland,CHE,45279.9987792969,7389625,60768.2045734865
2004,YR2004,United Kingdom,GBR,543080.017089844,59987905,42099.3945384131
2005,YR2005,Andorra,AND,579.999983310699,79826,..
2005,YR2005,Austria,AUT,76239.9978637695,8227829,49387.0278641202
2005,YR2005,Belgium,BEL,110610.000610352,10478617,46342.1866093314
2005,YR2005,Croatia,HRV,21450.0007629395,4310145,23793.0530384974
2005,YR2005,Cyprus,CYP,7900.00009536743,1037062,37723.33203125
2005,YR2005,Czechia,CZE,119989.99786377,10211216,30384.4466487841
2005,YR2005,Denmark,DNK,50200.0007629395,5419432,51483.273786293
2005,YR2005,Estonia,EST,17229.9995422363,1354775,26096.9883386237
2005,YR2005,Finland,FIN,55459.9990844727,5246096,44786.9096643071
2005,YR2005,France,FRA,380660.003662109,63188395,41638.0317796772
2005,YR2005,Germany,DEU,802380.004882813,82469422,43949.2881791796
2005,YR2005,Greece,GRC,101949.996948242,10987314,34670.1850265467
2005,YR2005,Hungary,HUN,55919.9981689453,10087065,24414.5827800472
2005,YR2005,Iceland,ISL,2289.99996185303,296734,48104.6518132004
2005,YR2005,Ireland,IRL,46650.0015258789,4159914,57548.9967906443
2005,YR2005,Italy,ITA,473829.986572266,57969484,44260.8274173515
2005,YR2005,Liechtenstein,LIE,230.000004172325,34603,..
2005,YR2005,Lithuania,LTU,12829.9999237061,3322528,21053.1846048184
2005,YR2005,Luxembourg,LUX,11909.9998474121,465158,108632.360015806
2005,YR2005,Netherlands,NLD,167929.992675781,16319868,49467.4354267059
2005,YR2005,Norway,NOR,36349.9984741211,4623291,61870.3645561435
2005,YR2005,Poland,POL,301350.006103516,38165445,18844.5574819997
2005,YR2005,Portugal,PRT,65470.0012207031,10503330,31076.6441205289
2005,YR2005,Romania,ROU,94709.9990844727,21319685,16863.4810766196
2005,YR2005,San Marino,SMR,..,29508,81256.1442831494
2005,YR2005,Slovak Republic,SVK,38520.0004577637,5372807,20026.0753787482
2005,YR2005,Slovenia,SVN,15920.0000762939,2000474,31128.8298416043
2005,YR2005,Spain,ESP,350500,43653155,37942.0075754017
2005,YR2005,Sweden,SWE,50209.9990844727,9029572,45440.2967492535
2005,YR2005,Switzerland,CHE,45849.9984741211,7437115,62040.4395660128
2005,YR2005,United Kingdom,GBR,540919.982910156,60401206,42926.9927660957
2006,YR2006,Andorra,AND,550.000011920929,80221,..
2006,YR2006,Austria,AUT,74099.9984741211,8268641,50840.6944621561
2006,YR2006,Belgium,BEL,108650.001525879,10547958,47212.577772728
2006,YR2006,Croatia,HRV,21610.0006103516,4311159,24949.9351111624
2006,YR2006,Cyprus,CYP,8000,1055438,38847.9765625
2006,YR2006,Czechia,CZE,120599.998474121,10238905,32352.8129664551
2006,YR2006,Denmark,DNK,58130.0010681152,5437272,53322.2889991783
2006,YR2006,Estonia,EST,15979.9995422363,1346810,28814.9203164655
2006,YR2006,Finland,FIN,67019.9966430664,5266268,46412.2003478176
2006,YR2006,France,FRA,371549.987792969,63628261,42362.985412525
2006,YR2006,Germany,DEU,814409.973144531,82376451,45678.0819192686
2006,YR2006,Greece,GRC,100699.996948242,11020362,36520.0480347644
2006,YR2006,Hungary,HUN,55459.9990844727,10071370,25417.5470560859
2006,YR2006,Iceland,ISL,2329.99992370605,303782,49956.8486452996
2006,YR2006,Ireland,IRL,47259.9983215332,4273591,58812.3062452685
2006,YR2006,Italy,ITA,466649.993896484,58143979,44918.1703531499
2006,YR2006,Liechtenstein,LIE,230.000004172325,34889,..
2006,YR2006,Lithuania,LTU,13020.0004577637,3269909,22977.9966473047
2006,YR2006,Luxembourg,LUX,11720.0002670288,472637,113346.03578151
2006,YR2006,Netherlands,NLD,163699.996948242,16346101,51097.3626113331
2006,YR2006,Norway,NOR,37200.0007629395,4660677,62846.9386813354
2006,YR2006,Poland,POL,314089.996337891,38141267,20012.6211116462
2006,YR2006,Portugal,PRT,60450.0007629395,10522288,31524.7495680309
2006,YR2006,Romania,ROU,99260.0021362305,21193760,18325.6588582923
2006,YR2006,San Marino,SMR,..,29959,83098.2496299073
2006,YR2006,Slovak Republic,SVK,37869.9989318848,5373054,21725.9265662
2006,YR2006,Slovenia,SVN,16290.0009155273,2006868,32812.7384858502
2006,YR2006,Spain,ESP,341779.998779297,44397319,38836.5937852313
2006,YR2006,Sweden,SWE,48900.0015258789,9080505,47292.3136933265
2006,YR2006,Switzerland,CHE,45479.9995422363,7483934,64163.8050397136
2006,YR2006,United Kingdom,GBR,542059.997558594,60846820,43533.2205104862
2007,YR2007,Andorra,AND,540.000021457672,78168,..
2007,YR2007,Austria,AUT,71239.9978637695,8295487,52565.0739687956
2007,YR2007,Belgium,BEL,104589.996337891,10625700,48590.4005353331
2007,YR2007,Croatia,HRV,22879.9991607666,4310217,26203.4349393049
2007,YR2007,Cyprus,CYP,8310.0004196167,1073873,39968.39453125
2007,YR2007,Czechia,CZE,123620.002746582,10298828,33956.2459846788
2007,YR2007,Denmark,DNK,53409.9998474121,5461438,53569.0280238008
2007,YR2007,Estonia,EST,19979.9995422363,1340680,31140.5798350899
2007,YR2007,Finland,FIN,65099.9984741211,5288720,48664.265707071
2007,YR2007,France,FRA,362829.986572266,64021737,43123.5011328544
2007,YR2007,Germany,DEU,783799.987792969,82266372,47100.6097046962
2007,YR2007,Greece,GRC,104309.997558594,11048473,37619.6608561742
2007,YR2007,Hungary,HUN,53849.9984741211,10055780,25527.5638613037
2007,YR2007,Iceland,ISL,2380.00011444092,311566,52827.0101225049
2007,YR2007,Ireland,IRL,46360.0006103516,4398942,60170.4182379259
2007,YR2007,Italy,ITA,459369.995117188,58438310,45356.5367193485
2007,YR2007,Liechtenstein,LIE,200.000002980232,35150,..
2007,YR2007,Lithuania,LTU,13210.000038147,3231294,25835.3680157114
2007,YR2007,Luxembourg,LUX,11109.9996566772,479993,120647.822958963
2007,YR2007,Netherlands,NLD,164550.003051758,16381696,52909.9697572206
2007,YR2007,Norway,NOR,37750,4709153,64062.4393106033
2007,YR2007,Poland,POL,313380.004882813,38120560,21437.4577379953
2007,YR2007,Portugal,PRT,58799.9992370605,10542964,32251.5690977426
2007,YR2007,Romania,ROU,96730.0033569336,20882982,19943.750072636
2007,YR2007,San Marino,SMR,..,30372,87795.6645372441
2007,YR2007,Slovak Republic,SVK,37189.998626709,5374622,24072.260266227
2007,YR2007,Slovenia,SVN,16280.0006866455,2018122,34907.3688265664
2007,YR2007,Spain,ESP,354679.992675781,45226803,39498.591328633
2007,YR2007,Sweden,SWE,47139.9993896484,9148092,48557.3843477247
2007,YR2007,Switzerland,CHE,43540.0009155273,7551117,66083.4718897397
2007,YR2007,United Kingdom,GBR,530500,61322463,44302.8594715415
2008,YR2008,Andorra,AND,540.000021457672,76055,..
2008,YR2008,Austria,AUT,70730.0033569336,8321496,53166.0542015286
2008,YR2008,Belgium,BEL,106930.000305176,10709973,48423.515483961
2008,YR2008,Croatia,HRV,21729.9995422363,4309705,26731.167404834
2008,YR2008,Cyprus,CYP,8489.99977111816,1092390,40398.6796875
2008,YR2008,Czechia,CZE,118309.997558594,10384603,34580.4433462984
2008,YR2008,Denmark,DNK,50130.0010681152,5493621,52982.5317373493
2008,YR2008,Estonia,EST,18399.9996185303,1337090,29621.7645299993
2008,YR2008,Finland,FIN,56659.9998474121,5313399,48817.989492787
2008,YR2008,France,FRA,357989.990234375,64379696,42993.0595165288
2008,YR2008,Germany,DEU,789690.002441406,82110097,47643.2227372401
2008,YR2008,Greece,GRC,100410.003662109,11077841,37394.1725254225
2008,YR2008,Hungary,HUN,53009.9983215332,10038188,25829.0324433882
2008,YR2008,Iceland,ISL,2180.0000667572,317414,52999.4375361804
2008,YR2008,Ireland,IRL,45779.9987792969,4489544,56312.5041323963
2008,YR2008,Italy,ITA,444980.010986328,58826731,44623.6020153057
2008,YR2008,Liechtenstein,LIE,219.999998807907,35401,..
2008,YR2008,Lithuania,LTU,13060.0004196167,3198231,26784.8800343204
2008,YR2008,Luxembourg,LUX,11020.0004577637,488650,118154.667184464
2008,YR2008,Netherlands,NLD,165220.001220703,16445593,53848.2522316971
2008,YR2008,Norway,NOR,36869.9989318848,4768212,63570.3414789942
2008,YR2008,Poland,POL,308329.986572266,38125759,22334.7808599997
2008,YR2008,Portugal,PRT,56840.0001525879,10558177,32307.912767932
2008,YR2008,Romania,ROU,95419.9981689453,20537875,22166.3232435232
2008,YR2008,San Marino,SMR,..,30700,86422.5481442955
2008,YR2008,Slovak Republic,SVK,37099.9984741211,5379233,25392.4766828873
2008,YR2008,Slovenia,SVN,17360.0006103516,2021316,36075.4669688206
2008,YR2008,Spain,ESP,324269.989013672,45954106,39218.2916195663
2008,YR2008,Sweden,SWE,46150.0015258789,9219637,47963.4937520407
2008,YR2008,Switzerland,CHE,44959.9990844727,7647675,67081.2997981076
2008,YR2008,United Kingdom,GBR,515340.026855469,61806995,43887.7071344831
2009,YR2009,Andorra,AND,519.999980926514,73852,..
2009,YR2009,Austria,AUT,64419.9981689453,8343323,51030.7246778186
2009,YR2009,Belgium,BEL,99669.9981689453,10796493,47064.7900198376
2009,YR2009,Croatia,HRV,20309.9994659424,4305181,24834.3448473747
2009,YR2009,Cyprus,CYP,8279.99973297119,1110974,38536.03515625
2009,YR2009,Czechia,CZE,111169.998168945,10443936,32782.6123492193
2009,YR2009,Denmark,DNK,47930.0003051758,5523095,50114.0500523227
2009,YR2009,Estonia,EST,15050.0001907349,1334515,25337.175235261
2009,YR2009,Finland,FIN,54180.0003051758,5338871,44662.100140396
2009,YR2009,France,FRA,343730.010986328,64710879,41544.0226065122
2009,YR2009,Germany,DEU,734809.997558594,81902307,45044.4863870437
2009,YR2009,Greece,GRC,94739.9978637695,11107017,35691.9459430994
2009,YR2009,Hungary,HUN,47840.0001525879,10022650,24162.2676854252
2009,YR2009,Iceland,ISL,2109.99989509583,318499,48770.9503367158
2009,YR2009,Ireland,IRL,40560.001373291,4535375,52902.8881329505
2009,YR2009,Italy,ITA,397059.997558594,59095365,42074.9212455091
2009,YR2009,Liechtenstein,LIE,209.999993443489,35675,..
2009,YR2009,Lithuania,LTU,11689.9995803833,3162916,23065.0619581523
2009,YR2009,Luxembourg,LUX,10439.9995803833,497783,112230.081410148
2009,YR2009,Netherlands,NLD,160490.005493164,16530388,51607.6057272318
2009,YR2009,Norway,NOR,37430.0003051758,4828726,61689.5585425125
2009,YR2009,Poland,POL,297260.009765625,38151603,22951.7848210238
2009,YR2009,Portugal,PRT,56299.9992370605,10568247,31269.4104613004
2009,YR2009,Romania,ROU,80709.9990844727,20367487,21118.5250004853
2009,YR2009,San Marino,SMR,..,31059,76607.0856909794
2009,YR2009,Slovak Republic,SVK,33909.9998474121,5386406,23975.2117503112
2009,YR2009,Slovenia,SVN,15510.0002288818,2039669,33052.2275423946
2009,YR2009,Spain,ESP,287489.990234375,46362946,37409.6428703791
2009,YR2009,Sweden,SWE,42880.0010681152,9298515,45492.768174936
2009,YR2009,Switzerland,CHE,43669.9981689453,7743831,64726.3712845064
2009,YR2009,United Kingdom,GBR,466489.990234375,62276270,41592.364767012
2010,YR2010,Andorra,AND,519.999980926514,71519,..
2010,YR2010,Austria,AUT,69959.9990844727,8363404,51843.4283275453
2010,YR2010,Belgium,BEL,106720.001220703,10895586,47972.558838523
2010,YR2010,Croatia,HRV,19459.9990844727,4295427,24586.1306071014
2010,YR2010,Cyprus,CYP,7900.00009536743,1129686,38398.5546875
2010,YR2010,Czechia,CZE,112250,10474410,33483.137594809
2010,YR2010,Denmark,DNK,48119.9989318848,5547683,50825.4122929358
2010,YR2010,Estonia,EST,19000,1331475,26015.7463509325
2010,YR2010,Finland,FIN,62529.9987792969,5363352,45874.6613021399
2010,YR2010,France,FRA,347779.998779297,65030575,42145.6819456785
2010,YR2010,Germany,DEU,773070.007324219,81776930,46999.2399709894
2010,YR2010,Greece,GRC,87580.0018310547,11121341,33693.2114765963
2010,YR2010,Hungary,HUN,47880.0010681152,10000023,24477.5753134225
2010,YR2010,Iceland,ISL,1960.00003814697,318041,47457.6229185836
2010,YR2010,Ireland,IRL,40189.998626709,4560155,53500.9148897485
2010,YR2010,Italy,ITA,405269.989013672,59277417,42664.3552727925
2010,YR2010,Liechtenstein,LIE,189.999997615814,35926,..
2010,YR2010,Lithuania,LTU,12600.0003814697,3097282,23942.7603567557
2010,YR2010,Luxembourg,LUX,11029.9997329712,506953,114343.988089326
2010,YR2010,Netherlands,NLD,171110.000610352,16615394,52032.9865022429
2010,YR2010,Norway,NOR,41409.9998474121,4889252,61353.4773254345
2010,YR2010,Poland,POL,313739.990234375,38042794,23692.9092287668
2010,YR2010,Portugal,PRT,50939.998626709,10573100,31798.1538079411
2010,YR2010,Romania,ROU,77620.002746582,20246871,20415.542022561
2010,YR2010,San Marino,SMR,..,31608,71156.097992499
2010,YR2010,Slovak Republic,SVK,35430.0003051758,5391428,25561.7062919058
2010,YR2010,Slovenia,SVN,15779.9997329712,2048583,33350.6135931956
2010,YR2010,Spain,ESP,273250,46576897,37298.4693037577
2010,YR2010,Sweden,SWE,48130.0010681152,9378126,47791.3715245947
2010,YR2010,Switzerland,CHE,45209.9990844727,7824909,66133.288392898
2010,YR2010,United Kingdom,GBR,482440.002441406,62766365,42270.434294324
2011,YR2011,Andorra,AND,490.000009536743,70567,..
2011,YR2011,Austria,AUT,68269.9966430664,8391643,53179.1474647432
2011,YR2011,Belgium,BEL,96480.0033569336,11038264,48154.8711461252
2011,YR2011,Croatia,HRV,19030.0006866455,4280622,24649.7958046265
2011,YR2011,Cyprus,CYP,7630.00011444092,1145086,37587.21484375
2011,YR2011,Czechia,CZE,109169.998168945,10496088,34002.1897752206
2011,YR2011,Denmark,DNK,43099.9984741211,5570572,51293.2061782002
2011,YR2011,Estonia,EST,18170.0000762939,1327439,27990.136407635
2011,YR2011,Finland,FIN,55119.9989318848,5388272,46825.8248388831
2011,YR2011,France,FRA,335140.014648438,65345233,42862.415796739
2011,YR2011,Germany,DEU,746479.98046875,80274983,49757.9241566763
2011,YR2011,Greece,GRC,84550.0030517578,11104899,30318.4046680383
2011,YR2011,Hungary,HUN,46909.9998474121,9971727,25005.286658847
2011,YR2011,Iceland,ISL,1889.99998569489,319014,48186.1672876621
2011,YR2011,Ireland,IRL,36680.0003051758,4580084,53712.2857359299
2011,YR2011,Italy,ITA,396690.002441406,59379449,42892.3055641948
2011,YR2011,Liechtenstein,LIE,180.000007152557,36189,..
2011,YR2011,Lithuania,LTU,11850.0003814697,3028115,25968.5834234521
2011,YR2011,Luxembourg,LUX,10899.9996185303,518347,112998.390476598
2011,YR2011,Netherlands,NLD,158770.004272461,16693074,52594.2290064164
2011,YR2011,Norway,NOR,39599.9984741211,4953088,61157.1299274456
2011,YR2011,Poland,POL,310589.996337891,38063255,24874.1718607858
2011,YR2011,Portugal,PRT,49869.9989318848,10557560,31304.8155263075
2011,YR2011,Romania,ROU,84059.9975585938,20147528,21442.9414315812
2011,YR2011,San Marino,SMR,..,32495,63458.8155473964
2011,YR2011,Slovak Republic,SVK,34119.9989318848,5398384,26210.7581840191
2011,YR2011,Slovenia,SVN,15699.9998092651,2052843,33568.067345579
2011,YR2011,Spain,ESP,274399.993896484,46742697,36863.4930975241
2011,YR2011,Sweden,SWE,44580.0018310547,9449213,48947.4393112155
2011,YR2011,Switzerland,CHE,41189.998626709,7912398,66587.848851125
2011,YR2011,United Kingdom,GBR,445589.996337891,63258810,42389.1462619751
2012,YR2012,Andorra,AND,490.000009536743,71013,..
2012,YR2012,Austria,AUT,65110.0006103516,8429991,53297.4447850919
2012,YR2012,Belgium,BEL,95269.9966430664,11106932,48210.9246578014
2012,YR2012,Croatia,HRV,17409.9998474121,4267558,24148.7453554322
2012,YR2012,Cyprus,CYP,7099.99990463257,1156556,35742.66796875
2012,YR2012,Czechia,CZE,106069.999694824,10510785,33688.0998344582
2012,YR2012,Denmark,DNK,38220.0012207031,5591572,51216.309409926
2012,YR2012,Estonia,EST,16889.9993896484,1322696,28997.3228845385
2012,YR2012,Finland,FIN,49409.9998474121,5413971,45952.246383366
2012,YR2012,France,FRA,338420.013427734,65662240,42789.0519131717
2012,YR2012,Germany,DEU,760130.004882813,80425823,49872.4474888681
2012,YR2012,Greece,GRC,80089.9963378906,11045011,28322.5730581368
2012,YR2012,Hungary,HUN,43430.0003051758,9920362,24820.5161149403
2012,YR2012,Iceland,ISL,1860.00001430511,320716,48440.2550840897
2012,YR2012,Ireland,IRL,37130.0010681152,4599533,53482.2006452691
2012,YR2012,Italy,ITA,376750,59539717,41501.7112309705
2012,YR2012,Liechtenstein,LIE,189.999997615814,36505,..
2012,YR2012,Lithuania,LTU,11930.0003051758,2987773,27330.8959483858
2012,YR2012,Luxembourg,LUX,10689.9995803833,530946,112137.135491328
2012,YR2012,Netherlands,NLD,157470.001220703,16754962,51860.0559942119
2012,YR2012,Norway,NOR,38490.0016784668,5018573,61990.6923569269
2012,YR2012,Poland,POL,303350.006103516,38063164,25258.5933172132
2012,YR2012,Portugal,PRT,48220.0012207031,10514844,30156.7015822628
2012,YR2012,Romania,ROU,81849.9984741211,20058035,21953.2303312849
2012,YR2012,San Marino,SMR,..,33132,57854.3183289934
2012,YR2012,Slovak Republic,SVK,32349.9984741211,5407579,26511.2699367746
2012,YR2012,Slovenia,SVN,15119.9998855591,2057159,32613.4905292711
2012,YR2012,Spain,ESP,269269.989013672,46773055,35749.5127897115
2012,YR2012,Sweden,SWE,42139.9993896484,9519374,48300.8425001578
2012,YR2012,Switzerland,CHE,42520.0004577637,7996861,66661.4927508349
2012,YR2012,United Kingdom,GBR,467779.998779297,63700215,42705.1483005634
2013,YR2013,Andorra,AND,479.999989271164,71367,..
2013,YR2013,Austria,AUT,65750,8479823,52997.7538166712
2013,YR2013,Belgium,BEL,96589.9963378906,11159407,48204.5856992867
2013,YR2013,Croatia,HRV,17010.0002288818,4255689,24119.7572169774
2013,YR2013,Cyprus,CYP,6429.99982833862,1166968,33465.828125
2013,YR2013,Czechia,CZE,101150.001525879,10514272,33661.4684161727
2013,YR2013,Denmark,DNK,39959.9990844727,5614932,51479.2664533017
2013,YR2013,Estonia,EST,19319.9996948242,1317997,29525.1188635117
2013,YR2013,Finland,FIN,50189.998626709,5438972,45328.5753218041
2013,YR2013,France,FRA,338559.997558594,66002289,42813.9335350732
2013,YR2013,Germany,DEU,776150.024414063,80645605,49954.173749339
2013,YR2013,Greece,GRC,72480.0033569336,10965211,27810.9112255691
2013,YR2013,Hungary,HUN,40759.9983215332,9893082,25337.5872257154
2013,YR2013,Iceland,ISL,2029.99997138977,323764,50168.6885349698
2013,YR2013,Ireland,IRL,35709.9990844727,4623816,53800.2087807366
2013,YR2013,Italy,ITA,346459.991455078,60233948,40268.1127892773
2013,YR2013,Liechtenstein,LIE,189.999997615814,36806,..
2013,YR2013,Lithuania,LTU,11329.9999237061,2957689,28589.0266601627
2013,YR2013,Luxembourg,LUX,10149.9996185303,543360,113050.663254336
2013,YR2013,Netherlands,NLD,157089.996337891,16804432,51640.0766862304
2013,YR2013,Norway,NOR,39500,5079623,61878.9751793609
2013,YR2013,Poland,POL,298299.987792969,38040196,25490.3289111664
2013,YR2013,Portugal,PRT,46560.001373291,10457295,30042.8907185982
2013,YR2013,Romania,ROU,72089.9963378906,19983693,22094.3855412497
2013,YR2013,San Marino,SMR,..,33285,57136.9045416551
2013,YR2013,Slovak Republic,SVK,32919.9981689453,5413393,26650.3640050253
2013,YR2013,Slovenia,SVN,14550.0001907349,2059953,32234.0257587339
2013,YR2013,Spain,ESP,242809.997558594,46620045,35363.5105480176
2013,YR2013,Sweden,SWE,40540.0009155273,9600379,48462.1600029489
2013,YR2013,Switzerland,CHE,43529.9987792969,8089346,67080.3673569404
2013,YR2013,United Kingdom,GBR,453760.009765625,64128273,43192.0779378114
2014,YR2014,Andorra,AND,460.00000834465,71621,..
2014,YR2014,Austria,AUT,62049.9992370605,8546356,52932.9001116518
2014,YR2014,Belgium,BEL,90139.9993896484,11209057,48748.6205926039
2014,YR2014,Croatia,HRV,16239.9997711182,4238389,24114.2243450488
2014,YR2014,Cyprus,CYP,6809.99994277954,1176995,33235.2578125
2014,YR2014,Czechia,CZE,97510.0021362305,10525347,34386.7049143977
2014,YR2014,Denmark,DNK,35819.9996948242,5643475,52048.3354927846
2014,YR2014,Estonia,EST,17940.0005340576,1314545,30494.0963031973
2014,YR2014,Finland,FIN,46159.9998474121,5461512,44976.7764487708
2014,YR2014,France,FRA,306100.006103516,66312067,43021.3946358903
2014,YR2014,Germany,DEU,736010.009765625,80982500,50845.5269954271
2014,YR2014,Greece,GRC,69550.0030517578,10892413,28129.9613244489
2014,YR2014,Hungary,HUN,40630.0010681152,9866468,26481.1657207028
2014,YR2014,Iceland,ISL,2049.99995231628,327386,50450.7416120996
2014,YR2014,Ireland,IRL,35529.9987792969,4657740,58027.8389827602
2014,YR2014,Italy,ITA,327500,60789140,39898.5264609826
2014,YR2014,Liechtenstein,LIE,159.999996423721,37096,..
2014,YR2014,Lithuania,LTU,10859.9996566772,2932367,29855.8314910326
2014,YR2014,Luxembourg,LUX,9649.99961853027,556319,113313.578897944
2014,YR2014,Netherlands,NLD,149789.993286133,16865008,52186.9973861206
2014,YR2014,Norway,NOR,39110.0006103516,5137232,62390.1303126574
2014,YR2014,Poland,POL,285730.010986328,38011735,26488.2002530072
2014,YR2014,Portugal,PRT,45930.0003051758,10401062,30444.6002091947
2014,YR2014,Romania,ROU,71540.0009155273,19908979,23091.1553744653
2014,YR2014,San Marino,SMR,..,33389,56558.8718552124
2014,YR2014,Slovak Republic,SVK,30440.0005340576,5418649,27342.6272590659
2014,YR2014,Slovenia,SVN,13109.9996566772,2061980,33093.750438441
2014,YR2014,Spain,ESP,240960.006713867,46480882,35964.4613049308
2014,YR2014,Sweden,SWE,39080.0018310547,9696110,49258.9961639539
2014,YR2014,Switzerland,CHE,39790.0009155273,8188649,67824.0830929271
2014,YR2014,United Kingdom,GBR,415600.006103516,64602298,44247.0296701665
2015,YR2015,Andorra,AND,469.999998807907,71746,..
2015,YR2015,Austria,AUT,63240.0016784668,8642699,52873.8586545571
2015,YR2015,Belgium,BEL,95129.997253418,11274196,49456.3985817783
2015,YR2015,Croatia,HRV,16600.0003814697,4203604,24927.0349236527
2015,YR2015,Cyprus,CYP,6849.99990463257,1187280,34567.80078125
2015,YR2015,Czechia,CZE,99139.9993896484,10546059,36168.4185553861
2015,YR2015,Denmark,DNK,33700.0007629395,5683483,52892.6460290247
2015,YR2015,Estonia,EST,15539.999961853,1315407,31038.8046287051
2015,YR2015,Finland,FIN,42819.9996948242,5479531,45072.5902146238
2015,YR2015,France,FRA,311299.987792969,66548272,43345.7864281559
2015,YR2015,Germany,DEU,742309.997558594,81686611,51159.2974643888
2015,YR2015,Greece,GRC,68010.0021362305,10820883,28260.3866739065
2015,YR2015,Hungary,HUN,43380.0010681152,9843028,27528.3058524247
2015,YR2015,Iceland,ISL,2059.99994277954,330815,52142.9328074888
2015,YR2015,Ireland,IRL,37060.001373291,4701957,71490.8030914262
2015,YR2015,Italy,ITA,337859.985351563,60730582,40247.8290437942
2015,YR2015,Liechtenstein,LIE,159.999996423721,37355,..
2015,YR2015,Lithuania,LTU,11069.9996948242,2904910,30748.1963109529
2015,YR2015,Luxembourg,LUX,9130.00011444092,569604,113182.728563365
2015,YR2015,Netherlands,NLD,157410.003662109,16939923,52974.1162200949
2015,YR2015,Norway,NOR,39490.0016784668,5188607,62987.5162863772
2015,YR2015,Poland,POL,289079.986572266,37986412,27667.6890834735
2015,YR2015,Portugal,PRT,49849.9984741211,10358076,31118.7906703279
2015,YR2015,Romania,ROU,73319.9996948242,19815616,23933.1867241818
2015,YR2015,San Marino,SMR,..,33570,57542.9840811896
2015,YR2015,Slovak Republic,SVK,30750,5423801,28728.1560075755
2015,YR2015,Slovenia,SVN,13140.0003433228,2063531,33799.725526308
2015,YR2015,Spain,ESP,256279.998779297,46444832,37373.9507171987
2015,YR2015,Sweden,SWE,39189.998626709,9799186,50928.962975552
2015,YR2015,Switzerland,CHE,39090.0001525879,8282396,68159.2221142537
2015,YR2015,United Kingdom,GBR,401079.986572266,65116219,44948.3359709008
2016,YR2016,Andorra,AND,469.999998807907,72540,..
2016,YR2016,Austria,AUT,63680.0003051758,8736668,53345.7415259818
2016,YR2016,Belgium,BEL,94220.0012207031,11331422,49829.9273887741
2016,YR2016,Croatia,HRV,16879.9991607666,4174349,25995.1913501162
2016,YR2016,Cyprus,CYP,7219.99979019165,1197881,36671.55078125
2016,YR2016,Czechia,CZE,101730.003356934,10566332,37014.9592935816
2016,YR2016,Denmark,DNK,35319.9996948242,5728010,54185.0084787703
2016,YR2016,Estonia,EST,15989.9997711182,1315790,32008.9343566614
2016,YR2016,Finland,FIN,45700.0007629395,5495303,46206.7878130494
2016,YR2016,France,FRA,313920.013427734,66724104,43705.1475593257
2016,YR2016,Germany,DEU,747150.024414063,82348669,51879.6725937905
2016,YR2016,Greece,GRC,66849.9984741211,10775971,28239.9192063819
2016,YR2016,Hungary,HUN,44250,9814023,28217.3540374351
2016,YR2016,Iceland,ISL,1629.99999523163,335439,54665.7639158138
2016,YR2016,Ireland,IRL,38819.9996948242,4755335,72106.7986291405
2016,YR2016,Italy,ITA,333339.996337891,60627498,40837.7376281437
2016,YR2016,Liechtenstein,LIE,150.000005960464,37609,..
2016,YR2016,Lithuania,LTU,11199.9998092651,2868231,31925.8034212317
2016,YR2016,Luxembourg,LUX,8850.00038146973,582014,116283.699681286
2016,YR2016,Netherlands,NLD,158539.993286133,17030314,53847.8265545448
2016,YR2016,Norway,NOR,38759.9983215332,5234519,63104.0807823312
2016,YR2016,Poland,POL,299799.987792969,37970087,28497.1036117662
2016,YR2016,Portugal,PRT,48759.9983215332,10325452,31847.5377347647
2016,YR2016,Romania,ROU,71589.9963378906,19702267,24758.7129896017
2016,YR2016,San Marino,SMR,..,33834,58432.5023655202
2016,YR2016,Slovak Republic,SVK,31500,5430798,29248.8845824641
2016,YR2016,Slovenia,SVN,13899.9996185303,2065042,34853.0421239497
2016,YR2016,Spain,ESP,247029.998779297,46484062,38476.787200798
2016,YR2016,Sweden,SWE,38779.9987792969,9923085,51334.4320301641
2016,YR2016,Switzerland,CHE,39669.9981689453,8373338,68813.6403939646
2016,YR2016,United Kingdom,GBR,380809.997558594,65611593,45574.8478235175
2017,YR2017,Andorra,AND,469.999998807907,73837,..
2017,YR2017,Austria,AUT,65860.0006103516,8797566,54172.9867888254
2017,YR2017,Belgium,BEL,92720.0012207031,11375158,50442.2705419624
2017,YR2017,Croatia,HRV,17409.9998474121,4124531,27206.9654125638
2017,YR2017,Cyprus,CYP,7360.0001335144,1208523,38415.109375
2017,YR2017,Czechia,CZE,101830.001831055,10594438,38824.8879170919
2017,YR2017,Denmark,DNK,33130.0010681152,5764980,55356.680780178
2017,YR2017,Estonia,EST,16709.9990844727,1317384,33821.93290847
2017,YR2017,Finland,FIN,43020.0004577637,5508214,47570.133583848
2017,YR2017,France,FRA,317829.986572266,66918020,44577.0645745394
2017,YR2017,Germany,DEU,732200.012207031,82657002,53071.4555699913
2017,YR2017,Greece,GRC,66800.0030517578,10754679,28604.8609402657
2017,YR2017,Hungary,HUN,46439.998626709,9787966,29501.1204204706
2017,YR2017,Iceland,ISL,1669.99995708466,343400,55638.4920591796
2017,YR2017,Ireland,IRL,37779.9987792969,4807388,77749.2019569363
2017,YR2017,Italy,ITA,329190.002441406,60536709,41581.120790548
2017,YR2017,Liechtenstein,LIE,159.999996423721,37889,..
2017,YR2017,Lithuania,LTU,11220.0002670288,2828403,33761.871239796
2017,YR2017,Luxembourg,LUX,9000,596336,114985.842235989
2017,YR2017,Netherlands,NLD,155759.994506836,17131296,55088.6338006744
2017,YR2017,Norway,NOR,37720.0012207031,5276968,64050.7561654659
2017,YR2017,Poland,POL,312859.985351563,37974826,29958.1207092074
2017,YR2017,Portugal,PRT,53330.0018310547,10300300,33044.7167387479
2017,YR2017,Romania,ROU,74209.9990844727,19588715,26943.3477378323
2017,YR2017,San Marino,SMR,..,34056,58201.5271010611
2017,YR2017,Slovak Republic,SVK,33580.0018310547,5439232,30061.5514717196
2017,YR2017,Slovenia,SVN,14119.9998855591,2066388,36507.5530416531
2017,YR2017,Spain,ESP,263450.012207031,46593236,39528.9253872668
2017,YR2017,Sweden,SWE,38290.0009155273,10057698,51947.9542478244
2017,YR2017,Switzerland,CHE,38700.0007629395,8451840,69103.570264696
2017,YR2017,United Kingdom,GBR,367000,66058859,46372.38660351
2018,YR2018,Andorra,AND,490.000009536743,75013,..
2018,YR2018,Austria,AUT,63060.001373291,8840521,55217.2865300768
2018,YR2018,Belgium,BEL,93660.0036621094,11427054,51113.4817384021
2018,YR2018,Croatia,HRV,16430.0003051758,4087843,28219.9630188516
2018,YR2018,Cyprus,CYP,7199.99980926514,1218831,40092.67578125
2018,YR2018,Czechia,CZE,100900.001525879,10629928,39941.2853497589
2018,YR2018,Denmark,DNK,33130.0010681152,5793636,56178.7746299825
2018,YR2018,Estonia,EST,15319.9996948242,1321977,34979.8670494407
2018,YR2018,Finland,FIN,44580.0018310547,5515525,48048.5246160501
2018,YR2018,France,FRA,307049.987792969,67158348,45245.9608684875
2018,YR2018,Germany,DEU,707700.012207031,82905782,53431.3928655449
2018,YR2018,Greece,GRC,65019.9966430664,10732882,29141.1743829385
2018,YR2018,Hungary,HUN,46400.0015258789,9775564,31122.5027861567
2018,YR2018,Iceland,ISL,1700.00004768372,352721,56816.363605094
2018,YR2018,Ireland,IRL,37659.9998474121,4867316,83340.3915953792
2018,YR2018,Italy,ITA,324880.004882813,60421760,42045.9214694407
2018,YR2018,Liechtenstein,LIE,140.000000596046,38181,..
2018,YR2018,Lithuania,LTU,11649.9996185303,2801543,35446.708082914
2018,YR2018,Luxembourg,LUX,9319.99969482422,607950,114164.468558094
2018,YR2018,Netherlands,NLD,151360.000610352,17231624,56060.9136269404
2018,YR2018,Norway,NOR,37590.0001525879,5311916,64341.2586813606
2018,YR2018,Poland,POL,311910.003662109,37974750,31739.2569617723
2018,YR2018,Portugal,PRT,49500,10283822,34040.7253873665
2018,YR2018,Romania,ROU,75190.0024414063,19473970,28736.0949971045
2018,YR2018,San Marino,SMR,..,34156,58898.0580772496
2018,YR2018,Slovak Republic,SVK,33000,5446771,31229.8632709979
2018,YR2018,Slovenia,SVN,14069.9996948242,2073894,37995.7163789561
2018,YR2018,Spain,ESP,257040.008544922,46797754,40255.2537632492
2018,YR2018,Sweden,SWE,36009.9983215332,10175214,52349.2924275599
2018,YR2018,Switzerland,CHE,37479.9995422363,8514329,70558.5630191075
2018,YR2018,United Kingdom,GBR,360730.010986328,66460344,46878.1349608861
2019,YR2019,Andorra,AND,500,76343,..
2019,YR2019,Austria,AUT,64769.9966430664,8879920,55806.4382499366
2019,YR2019,Belgium,BEL,93010.0021362305,11488980,51977.1853280951
2019,YR2019,Croatia,HRV,16520.0004577637,4065253,29347.5482268596
2019,YR2019,Cyprus,CYP,7190.00005722046,1228836,41739.46484375
2019,YR2019,Czechia,CZE,96290.0009155273,10671870,40989.7266228223
2019,YR2019,Denmark,DNK,29700.0007629395,5814422,56813.9641554635
2019,YR2019,Estonia,EST,10180.0003051758,1326898,36153.4319482746
2019,YR2019,Finland,FIN,40709.9990844727,5521606,48583.4339897935
2019,YR2019,France,FRA,300519.989013672,67388001,45922.7947390313
2019,YR2019,Germany,DEU,657400.024414063,83092962,53874.3166510099
2019,YR2019,Greece,GRC,60000,10721582,29721.5857620428
2019,YR2019,Hungary,HUN,46380.0010681152,9771141,32649.141606821
2019,YR2019,Iceland,ISL,1639.99998569489,360563,56923.1724505126
2019,YR2019,Ireland,IRL,35750,4934340,86681.2701326
2019,YR2019,Italy,ITA,317239.990234375,59729081,42739.0499116836
2019,YR2019,Liechtenstein,LIE,150.000005960464,38482,..
2019,YR2019,Lithuania,LTU,11729.9995422363,2794137,37184.4536013211
2019,YR2019,Luxembourg,LUX,9489.99977111816,620001,114542.496933956
2019,YR2019,Netherlands,NLD,146339.996337891,17344874,56784.0372529824
2019,YR2019,Norway,NOR,35950.0007629395,5347896,64385.0059928545
2019,YR2019,Poland,POL,295130.004882813,37965475,33159.749027584
2019,YR2019,Portugal,PRT,44639.9993896484,10286263,34945.6615139469
2019,YR2019,Romania,ROU,73949.9969482422,19371648,30000.977830377
2019,YR2019,San Marino,SMR,..,34178,60076.0113443406
2019,YR2019,Slovak Republic,SVK,31079.9999237061,5454147,31973.4616323691
2019,YR2019,Slovenia,SVN,13600.0003814697,2088385,39034.2332483558
2019,YR2019,Spain,ESP,239979.995727539,47134837,40760.3089598945
2019,YR2019,Sweden,SWE,35000,10278887,52850.5691792533
2019,YR2019,Switzerland,CHE,37380.0010681152,8575280,70857.0890798496
2019,YR2019,United Kingdom,GBR,348920.013427734,66836327,47362.264606579
2020,YR2020,Andorra,AND,..,77700,..
2020,YR2020,Austria,AUT,..,8916864,51988.4158297933
2020,YR2020,Belgium,BEL,..,11538604,48978.9342485189
2020,YR2020,Croatia,HRV,..,4047680,26945.9078640121
2020,YR2020,Cyprus,CYP,..,1237537,39464.53515625
2020,YR2020,Czechia,CZE,..,10697858,38639.9795202601
2020,YR2020,Denmark,DNK,..,5831404,55518.5971009156
2020,YR2020,Estonia,EST,..,1329522,35883.265325261
2020,YR2020,Finland,FIN,..,5529543,47443.903598625
2020,YR2020,France,FRA,..,67571107,42233.1396001127
2020,YR2020,Germany,DEU,..,83160871,51840.3296919358
2020,YR2020,Greece,GRC,..,10698599,27103.5409073372
2020,YR2020,Hungary,HUN,..,9750149,31231.5959420002
2020,YR2020,Iceland,ISL,..,366463,52174.5723818771
2020,YR2020,Ireland,IRL,..,4985382,91099.7485419568
2020,YR2020,Italy,ITA,..,59438851,39065.2820998578
2020,YR2020,Liechtenstein,LIE,..,38756,..
2020,YR2020,Lithuania,LTU,..,2794885,37166.4115832708
2020,YR2020,Luxembourg,LUX,..,630419,111751.314751362
2020,YR2020,Netherlands,NLD,..,17441500,54275.0030465677
2020,YR2020,Norway,NOR,..,5379475,63548.0008158322
2020,YR2020,Poland,POL,..,37899070,32546.8259419319
2020,YR2020,Portugal,PRT,..,10297081,32011.3251586829
2020,YR2020,Romania,ROU,..,19265250,29057.2846039286
2020,YR2020,San Marino,SMR,..,34007,56364.2141631912
2020,YR2020,Slovak Republic,SVK,..,5458827,30867.9723975671
2020,YR2020,Slovenia,SVN,..,2102419,37098.119340397
2020,YR2020,Spain,ESP,..,47365655,35967.8915333896
2020,YR2020,Sweden,SWE,..,10353442,51331.2822226344
2020,YR2020,Switzerland,CHE,..,8638167,68670.2394154478
2020,YR2020,United Kingdom,GBR,..,67081000,41984.1057181241
2021,YR2021,Andorra,AND,..,79034,..
2021,YR2021,Austria,AUT,..,8955797,54121.1455420496
2021,YR2021,Belgium,BEL,..,11592952,51739.537932581
2021,YR2021,Croatia,HRV,..,3899000,31630.1766373982
2021,YR2021,Cyprus,CYP,..,1244188,41694.2578125
2021,YR2021,Czechia,CZE,..,10505772,40740.9939756632
2021,YR2021,Denmark,DNK,..,5856733,57962.6540943813
2021,YR2021,Estonia,EST,..,1330932,38717.6961505119
2021,YR2021,Finland,FIN,..,5541017,48753.3547090561
2021,YR2021,France,FRA,..,67749632,44993.1259455262
2021,YR2021,Germany,DEU,..,83196078,53179.6544047515
2021,YR2021,Greece,GRC,..,10641221,29548.0389102217
2021,YR2021,Hungary,HUN,..,9709891,33593.1519691848
2021,YR2021,Iceland,ISL,..,372520,53586.1556357122
2021,YR2021,Ireland,IRL,..,5033165,102496.220004421
2021,YR2021,Italy,ITA,..,59109668,41929.4311112097
2021,YR2021,Liechtenstein,LIE,..,39039,..
2021,YR2021,Lithuania,LTU,..,2800839,39305.6130533838
2021,YR2021,Luxembourg,LUX,..,640064,115683.493708265
2021,YR2021,Netherlands,NLD,..,17533044,56617.3517924422
2021,YR2021,Norway,NOR,..,5408320,65662.1743876638
2021,YR2021,Poland,POL,..,37747124,34915.5235741243
2021,YR2021,Portugal,PRT,..,10325147,33674.5272009225
2021,YR2021,Romania,ROU,..,19119880,30771.4357160501
2021,YR2021,San Marino,SMR,..,33745,..
2021,YR2021,Slovak Republic,SVK,..,5447247,31866.025082395
2021,YR2021,Slovenia,SVN,..,2108079,40036.4854356389
2021,YR2021,Spain,ESP,..,47415750,37913.0757304769
2021,YR2021,Sweden,SWE,..,10415811,53613.4217306257
2021,YR2021,Switzerland,CHE,..,8703405,71032.8412048308
2021,YR2021,United Kingdom,GBR,..,67326569,44978.7147199494
,,,,,,
,,,,,,
,,,,,,
Data from database: World Development Indicators,,,,,,
Last Updated: 03/30/2023,,,,,,
