Time,Time Code,Country Name,Country Code,"Population, total [SP.POP.TOTL]","GDP per capita, PPP (constant 2017 international $) [NY.GDP.PCAP.PP.KD]",CO2 emissions (kt) [EN.ATM.CO2E.KT]
1992,YR1992,Andorra,AND,57283,..,410
1992,YR1992,Austria,AUT,7840709,38774.4902606316,57660
1992,YR1992,Belgium,BEL,10045158,36426.9931547081,112330
1992,YR1992,Croatia,HRV,4575818,..,15040
1992,YR1992,Czechia,CZE,10319123,20768.7881664466,134140
1992,YR1992,Denmark,DNK,5171370,40108.8919453015,57030
1992,YR1992,Estonia,EST,1533091,..,23820
1992,YR1992,Finland,FIN,5041992,29648.7439434243,52280
1992,YR1992,France,FRA,58849943,34269.2834434525,368590
1992,YR1992,Germany,DEU,80624598,38734.9384083447,892820
1992,YR1992,Greece,GRC,10399061,24700.1305911615,78180
1992,YR1992,Greenland,GRL,55300,..,..
1992,YR1992,Hungary,HUN,10369341,15932.4996239844,58000
1992,YR1992,Iceland,ISL,261057,..,1940
1992,YR1992,Ireland,IRL,3558430,27780.2292534741,31510
1992,YR1992,Italy,ITA,56797087,37407.1113238593,402270
1992,YR1992,Latvia,LVA,2614338,..,13970
1992,YR1992,Liechtenstein,LIE,29581,..,210
1992,YR1992,Lithuania,LTU,3700114,..,19980
1992,YR1992,Luxembourg,LUX,392175,76323.3047532824,11440
1992,YR1992,Monaco,MCO,30794,..,..
1992,YR1992,Netherlands,NLD,15184166,37405.9299673421,153250
1992,YR1992,Norway,NOR,4286401,44517.4357160017,30200
1992,YR1992,Poland,POL,38363667,10662.0805170735,343370
1992,YR1992,Portugal,PRT,9952494,24930.4506344601,46770
1992,YR1992,Romania,ROU,22794284,10816.9337179519,126190
1992,YR1992,San Marino,SMR,23808,..,..
1992,YR1992,Slovak Republic,SVK,5305016,11663.992330789,46100
1992,YR1992,Slovenia,SVN,1996498,..,12830
1992,YR1992,Spain,ESP,39157685,28280.3260908948,232370
1992,YR1992,Sweden,SWE,8668067,32953.6182903423,56750
1992,YR1992,Switzerland,CHE,6875364,55123.8383797844,45700
1992,YR1992,United Kingdom,GBR,57580402,31134.0426021928,557890
1993,YR1993,Andorra,AND,59156,..,410
1993,YR1993,Austria,AUT,7905633,38658.6497800224,57800
1993,YR1993,Belgium,BEL,10084475,35935.9573927225,110110
1993,YR1993,Croatia,HRV,4600463,..,15540
1993,YR1993,Czechia,CZE,10329855,20760.0542509881,130980
1993,YR1993,Denmark,DNK,5188628,39979.7573849561,59360
1993,YR1993,Estonia,EST,1494128,..,18340
1993,YR1993,Finland,FIN,5066447,29310.3070704183,53460
1993,YR1993,France,FRA,59106166,33906.2218602936,349420
1993,YR1993,Germany,DEU,81156363,38105.2306021284,887060
1993,YR1993,Greece,GRC,10460415,24162.3715328916,78090
1993,YR1993,Greenland,GRL,55200,..,..
1993,YR1993,Hungary,HUN,10357523,15858.7854892973,58380
1993,YR1993,Iceland,ISL,263725,..,1980
1993,YR1993,Ireland,IRL,3576261,28386.0024217672,31650
1993,YR1993,Italy,ITA,56831821,37065.4341248987,396930
1993,YR1993,Latvia,LVA,2563290,..,11760
1993,YR1993,Liechtenstein,LIE,30012,..,220
1993,YR1993,Lithuania,LTU,3682613,..,15740
1993,YR1993,Luxembourg,LUX,397475,78468.9217598348,11650
1993,YR1993,Monaco,MCO,31024,..,..
1993,YR1993,Netherlands,NLD,15290368,37613.2521936233,158150
1993,YR1993,Norway,NOR,4311991,45512.3902170491,32430
1993,YR1993,Poland,POL,38461408,11032.5539913076,344020
1993,YR1993,Portugal,PRT,9964675,24391.1998484727,45790
1993,YR1993,Romania,ROU,22763280,10997.264832961,117700
1993,YR1993,San Marino,SMR,24181,..,..
1993,YR1993,Slovak Republic,SVK,5325305,11840.4792595749,44320
1993,YR1993,Slovenia,SVN,1991746,..,13560
1993,YR1993,Spain,ESP,39361262,27843.8593467468,218080
1993,YR1993,Sweden,SWE,8718561,32086.0126428301,56500
1993,YR1993,Switzerland,CHE,6938265,54555.2787822444,43450
1993,YR1993,United Kingdom,GBR,57718614,31832.8183481179,541380
1994,YR1994,Andorra,AND,61037,..,410
1994,YR1994,Austria,AUT,7936118,39435.210024783,58280
1994,YR1994,Belgium,BEL,10115603,36981.4489459975,114900
1994,YR1994,Croatia,HRV,4652024,..,14870
1994,YR1994,Czechia,CZE,10333587,21356.3127969696,124710
1994,YR1994,Denmark,DNK,5206180,41969.6887111547,63200
1994,YR1994,Estonia,EST,1462514,..,17820
1994,YR1994,Finland,FIN,5088333,30340.8238404135,59930
1994,YR1994,France,FRA,59327585,34576.319428202,344400
1994,YR1994,Germany,DEU,81438348,38881.5691219288,875900
1994,YR1994,Greece,GRC,10512922,24522.5259874915,79730
1994,YR1994,Greenland,GRL,55500,..,..
1994,YR1994,Hungary,HUN,10343355,16348.5314766891,57780
1994,YR1994,Iceland,ISL,266021,..,2090
1994,YR1994,Ireland,IRL,3590386,29901.750009353,32820
1994,YR1994,Italy,ITA,56843400,37855.0077387082,392290
1994,YR1994,Latvia,LVA,2520742,..,10220
1994,YR1994,Liechtenstein,LIE,30447,..,200
1994,YR1994,Lithuania,LTU,3657144,..,14810
1994,YR1994,Luxembourg,LUX,402925,80365.2245079687,10810
1994,YR1994,Monaco,MCO,31253,..,..
1994,YR1994,Netherlands,NLD,15382838,38494.2178517725,157260
1994,YR1994,Norway,NOR,4336613,47541.7667101406,34410
1994,YR1994,Poland,POL,38542652,11591.9988643683,339750
1994,YR1994,Portugal,PRT,9991525,24560.3570613836,47300
1994,YR1994,Romania,ROU,22730211,11446.2994209836,115160
1994,YR1994,San Marino,SMR,24535,..,..
1994,YR1994,Slovak Republic,SVK,5346331,12525.7880943071,41700
1994,YR1994,Slovenia,SVN,1989443,..,13610
1994,YR1994,Spain,ESP,39549108,28372.0314344106,228450
1994,YR1994,Sweden,SWE,8780745,33110.8255761839,58490
1994,YR1994,Switzerland,CHE,6993795,54809.335298076,42590
1994,YR1994,United Kingdom,GBR,57865745,32973.0595774302,535180
1995,YR1995,Andorra,AND,62928,..,430
1995,YR1995,Austria,AUT,7948278,40425.3937190819,61180
1995,YR1995,Belgium,BEL,10136811,37784.149887365,114570
1995,YR1995,Croatia,HRV,4620030,15070.8552651381,15460
1995,YR1995,Czechia,CZE,10327253,22758.5968118404,125180
1995,YR1995,Denmark,DNK,5233373,43015.6775097607,60000
1995,YR1995,Estonia,EST,1436634,12730.7174142214,16260
1995,YR1995,Finland,FIN,5107790,31499.80577579,56090
1995,YR1995,France,FRA,59543659,35176.6221101421,352240
1995,YR1995,Germany,DEU,81678051,39366.0886366488,874660
1995,YR1995,Greece,GRC,10562153,24920.72893517,82830
1995,YR1995,Greenland,GRL,55800,..,..
1995,YR1995,Hungary,HUN,10328965,16615.1625534699,57430
1995,YR1995,Iceland,ISL,267468,33666.1804992579,2000
1995,YR1995,Ireland,IRL,3608841,32614.9661080609,33450
1995,YR1995,Italy,ITA,56844303,38947.2013118497,416420
1995,YR1995,Latvia,LVA,2485056,9599.14600512054,9000
1995,YR1995,Liechtenstein,LIE,30890,..,200
1995,YR1995,Lithuania,LTU,3629102,10640.3600314613,13740
1995,YR1995,Luxembourg,LUX,408625,80379.1276289992,8660
1995,YR1995,Monaco,MCO,31482,..,..
1995,YR1995,Netherlands,NLD,15459006,39498.1368221301,164110
1995,YR1995,Norway,NOR,4359184,49260.9695215676,34390
1995,YR1995,Poland,POL,38594998,12398.5241269417,340000
1995,YR1995,Portugal,PRT,10026176,25523.7060223176,50690
1995,YR1995,Romania,ROU,22684270,12184.4322862025,120880
1995,YR1995,San Marino,SMR,24886,..,..
1995,YR1995,Slovak Republic,SVK,5361999,13218.9921162575,42370
1995,YR1995,Slovenia,SVN,1989872,21480.327975747,14470
1995,YR1995,Spain,ESP,39724050,29025.9945784136,240570
1995,YR1995,Sweden,SWE,8826939,34233.7027776288,58230
1995,YR1995,Switzerland,CHE,7040687,54706.1015073424,43440
1995,YR1995,United Kingdom,GBR,58019030,33718.5090841434,526810
1996,YR1996,Andorra,AND,64147,..,450
1996,YR1996,Austria,AUT,7959017,41319.3749974645,64900
1996,YR1996,Belgium,BEL,10156637,38208.7186734905,119450
1996,YR1996,Croatia,HRV,4557097,16234.405553222,15260
1996,YR1996,Czechia,CZE,10315241,23756.9783859253,126740
1996,YR1996,Denmark,DNK,5263074,44013.3855851544,73340
1996,YR1996,Estonia,EST,1415594,13558.5685292989,17200
1996,YR1996,Finland,FIN,5124573,32548.0151553704,62570
1996,YR1996,France,FRA,59756533,35546.5832844174,367900
1996,YR1996,Germany,DEU,81914831,39568.6024740843,904340
1996,YR1996,Greece,GRC,10608800,25521.2793744832,82750
1996,YR1996,Greenland,GRL,55900,..,..
1996,YR1996,Hungary,HUN,10311238,16657.4438558668,58450
1996,YR1996,Iceland,ISL,268916,35014.1990887885,2270
1996,YR1996,Ireland,IRL,3637510,34745.803883287,34820
1996,YR1996,Italy,ITA,56860281,39429.4955552037,412150
1996,YR1996,Latvia,LVA,2457222,9959.12103256898,9010
1996,YR1996,Liechtenstein,LIE,31337,..,210
1996,YR1996,Lithuania,LTU,3601613,11274.6401082973,14230
1996,YR1996,Luxembourg,LUX,414225,80401.0320167454,8740
1996,YR1996,Monaco,MCO,31719,..,..
1996,YR1996,Netherlands,NLD,15530498,40691.8903167389,173620
1996,YR1996,Norway,NOR,4381336,51476.1992154047,34600
1996,YR1996,Poland,POL,38624370,13146.7560855391,355320
1996,YR1996,Portugal,PRT,10063945,26318.9751263398,48740
1996,YR1996,Romania,ROU,22619004,12697.0950214738,124210
1996,YR1996,San Marino,SMR,25235,..,..
1996,YR1996,Slovak Republic,SVK,5373361,14064.2739294874,42170
1996,YR1996,Slovenia,SVN,1988628,22182.2116895007,15290
1996,YR1996,Spain,ESP,39889852,29674.392750146,230110
1996,YR1996,Sweden,SWE,8840998,34719.1107469171,63650
1996,YR1996,Switzerland,CHE,7071850,54721.7149782014,44010
1996,YR1996,United Kingdom,GBR,58166950,34274.4103004204,545480
1997,YR1997,Andorra,AND,64682,..,470
1997,YR1997,Austria,AUT,7968041,42136.6622802741,64220
1997,YR1997,Belgium,BEL,10181245,39562.3729801955,116630
1997,YR1997,Croatia,HRV,4534920,17320.8777002177,17070
1997,YR1997,Czechia,CZE,10304131,23659.3207939067,124790
1997,YR1997,Denmark,DNK,5284991,45260.1371186812,63650
1997,YR1997,Estonia,EST,1399535,15503.8448315578,16770
1997,YR1997,Finland,FIN,5139835,34506.7718790729,60620
1997,YR1997,France,FRA,59969944,36247.6042941415,359070
1997,YR1997,Germany,DEU,82034771,40218.8468799392,872650
1997,YR1997,Greece,GRC,10661259,26534.4950478701,83760
1997,YR1997,Greenland,GRL,56000,..,..
1997,YR1997,Hungary,HUN,10290486,17215.6552344826,56990
1997,YR1997,Iceland,ISL,271128,36732.9319274562,2150
1997,YR1997,Ireland,IRL,3674171,38190.4980640358,35970
1997,YR1997,Italy,ITA,56890372,40129.9018819235,415520
1997,YR1997,Latvia,LVA,2432851,10947.7811787651,8530
1997,YR1997,Liechtenstein,LIE,31770,..,220
1997,YR1997,Lithuania,LTU,3575137,12302.1012042126,13920
1997,YR1997,Luxembourg,LUX,419450,83702.8135298171,8240
1997,YR1997,Monaco,MCO,31968,..,..
1997,YR1997,Netherlands,NLD,15610650,42235.4890688287,166310
1997,YR1997,Norway,NOR,4405157,53903.4378206491,36540
1997,YR1997,Poland,POL,38649660,13985.4335763903,344630
1997,YR1997,Portugal,PRT,10108977,27354.8368117354,50930
1997,YR1997,Romania,ROU,22553978,12116.237151844,113610
1997,YR1997,San Marino,SMR,25596,66407.5139212185,..
1997,YR1997,Slovak Republic,SVK,5383291,14870.2196437424,42270
1997,YR1997,Slovenia,SVN,1985956,23333.7196815717,15730
1997,YR1997,Spain,ESP,40057389,30644.3794443942,248600
1997,YR1997,Sweden,SWE,8846062,35764.6847640308,57380
1997,YR1997,Switzerland,CHE,7088906,55824.5124855607,42750
1997,YR1997,United Kingdom,GBR,58316954,35679.0192763027,524190
1998,YR1998,Andorra,AND,65186,..,490
1998,YR1998,Austria,AUT,7976789,43597.8900710725,64670
1998,YR1998,Belgium,BEL,10203008,40252.4689057051,119410
1998,YR1998,Croatia,HRV,4532135,17734.5050116504,18530
1998,YR1998,Czechia,CZE,10294373,23597.3061804104,118920
1998,YR1998,Denmark,DNK,5304219,46096.3697234041,59710
1998,YR1998,Estonia,EST,1386156,16332.8199308887,16240
1998,YR1998,Finland,FIN,5153498,36293.3915600144,57270
1998,YR1998,France,FRA,60192790,37409.3954906364,381110
1998,YR1998,Germany,DEU,82047195,41022.6146311397,865250
1998,YR1998,Greece,GRC,10720509,27415.6259519279,87130
1998,YR1998,Greenland,GRL,56100,..,..
1998,YR1998,Hungary,HUN,10266570,17928.7345289766,57350
1998,YR1998,Iceland,ISL,274047,39017.4376817623,2150
1998,YR1998,Ireland,IRL,3712696,41107.2990688178,38420
1998,YR1998,Italy,ITA,56906744,40844.745605278,426370
1998,YR1998,Latvia,LVA,2410019,11751.7141390099,8130
1998,YR1998,Liechtenstein,LIE,32190,..,230
1998,YR1998,Lithuania,LTU,3549331,13317.9077290717,14710
1998,YR1998,Luxembourg,LUX,424700,88185.8001102476,7570
1998,YR1998,Monaco,MCO,32209,..,..
1998,YR1998,Netherlands,NLD,15707209,43933.5681069516,166730
1998,YR1998,Norway,NOR,4431464,54989.7027325446,37890
1998,YR1998,Poland,POL,38663481,14629.1983574495,318410
1998,YR1998,Portugal,PRT,10160196,28525.5174324377,55600
1998,YR1998,Romania,ROU,22507344,11894.8948267569,99540
1998,YR1998,San Marino,SMR,25997,70264.447114394,..
1998,YR1998,Slovak Republic,SVK,5390516,15455.6010850632,41400
1998,YR1998,Slovenia,SVN,1981629,24151.5389832882,15500
1998,YR1998,Spain,ESP,40223509,31858.4991101859,256220
1998,YR1998,Sweden,SWE,8850974,37286.0953943757,58360
1998,YR1998,Switzerland,CHE,7110001,57345.3311137561,44250
1998,YR1998,United Kingdom,GBR,58487141,36698.4110630247,526000
1999,YR1999,Andorra,AND,65655,..,510
1999,YR1999,Austria,AUT,7992324,45060.6187543953,63050
1999,YR1999,Belgium,BEL,10226419,41583.0973922951,115510
1999,YR1999,Croatia,HRV,4512597,17678.3897811663,18520
1999,YR1999,Czechia,CZE,10283860,23948.3850340351,111950
1999,YR1999,Denmark,DNK,5321799,47298.5373518437,56730
1999,YR1999,Estonia,EST,1390244,16215.5789517586,15290
1999,YR1999,Finland,FIN,5165474,37795.0577604714,56510
1999,YR1999,France,FRA,60504420,38490.040182087,374900
1999,YR1999,Germany,DEU,82100243,41769.8120329084,833590
1999,YR1999,Greece,GRC,10761698,28149.843755764,87400
1999,YR1999,Greenland,GRL,56100,..,..
1999,YR1999,Hungary,HUN,10237530,18531.7496543312,57910
1999,YR1999,Iceland,ISL,277381,40103.865986755,2120
1999,YR1999,Ireland,IRL,3754786,44926.5289446156,39970
1999,YR1999,Italy,ITA,56916317,41501.788369041,433010
1999,YR1999,Latvia,LVA,2390482,12174.3037617541,7550
1999,YR1999,Liechtenstein,LIE,32615,..,230
1999,YR1999,Lithuania,LTU,3524238,13259.6169504528,12250
1999,YR1999,Luxembourg,LUX,430475,94115.3840349976,7920
1999,YR1999,Monaco,MCO,32394,..,..
1999,YR1999,Netherlands,NLD,15812088,45839.1314634489,161450
1999,YR1999,Norway,NOR,4461913,55713.7558893203,39700
1999,YR1999,Poland,POL,38660271,15311.4429382645,308980
1999,YR1999,Portugal,PRT,10217828,29472.7098799307,62210
1999,YR1999,Romania,ROU,22472040,11868.7081497906,84990
1999,YR1999,San Marino,SMR,26404,75441.8387711065,..
1999,YR1999,Slovak Republic,SVK,5396020,15423.4831045824,40660
1999,YR1999,Slovenia,SVN,1983045,25421.2948966234,14910
1999,YR1999,Spain,ESP,40386875,33154.4666207698,278300
1999,YR1999,Sweden,SWE,8857874,38839.4262714954,57260
1999,YR1999,Switzerland,CHE,7143991,58021.4359714063,44530
1999,YR1999,United Kingdom,GBR,58682466,37678.6944025227,522750
2000,YR2000,Andorra,AND,66097,..,520
2000,YR2000,Austria,AUT,8011566,46469.8610601036,63530
2000,YR2000,Belgium,BEL,10251250,43024.1399101042,117270
2000,YR2000,Croatia,HRV,4468302,18364.9786763039,18040
2000,YR2000,Czechia,CZE,10255063,24976.5063182959,123170
2000,YR2000,Denmark,DNK,5339616,48907.0114021027,52600
2000,YR2000,Estonia,EST,1396985,17765.2075336124,14920
2000,YR2000,Finland,FIN,5176209,39894.1944569685,55100
2000,YR2000,France,FRA,60921384,39726.4884007159,373120
2000,YR2000,Germany,DEU,82211508,42928.1813366719,830280
2000,YR2000,Greece,GRC,10805808,29133.8394364843,94460
2000,YR2000,Greenland,GRL,56200,..,..
2000,YR2000,Hungary,HUN,10210971,19412.1834111207,54630
2000,YR2000,Iceland,ISL,281205,41530.5173238278,2230
2000,YR2000,Ireland,IRL,3805174,48500.3473666542,42530
2000,YR2000,Italy,ITA,56942108,43053.93306429,436300
2000,YR2000,Latvia,LVA,2367550,12989.8984223071,6930
2000,YR2000,Liechtenstein,LIE,33026,..,220
2000,YR2000,Lithuania,LTU,3499536,13846.6832884609,10510
2000,YR2000,Luxembourg,LUX,436300,99301.5269991515,8560
2000,YR2000,Monaco,MCO,32465,..,..
2000,YR2000,Netherlands,NLD,15925513,47422.2034047837,162100
2000,YR2000,Norway,NOR,4490967,57127.3819959897,34290
2000,YR2000,Poland,POL,38258629,16177.8676699697,295770
2000,YR2000,Portugal,PRT,10289898,30383.1378175177,61660
2000,YR2000,Romania,ROU,22442971,12176.5794995535,89020
2000,YR2000,San Marino,SMR,26823,75881.8484368652,..
2000,YR2000,Slovak Republic,SVK,5388720,15624.5397672777,38070
2000,YR2000,Slovenia,SVN,1988925,26276.9445587635,14540
2000,YR2000,Spain,ESP,40567864,34738.0568248096,293310
2000,YR2000,Sweden,SWE,8872109,40625.3620520538,53280
2000,YR2000,Switzerland,CHE,7184250,59980.3309146065,43710
2000,YR2000,United Kingdom,GBR,58892514,39080.8667573272,530890
2001,YR2001,Andorra,AND,67820,..,520
2001,YR2001,Austria,AUT,8042293,46878.9162398602,67910
2001,YR2001,Belgium,BEL,10286570,43347.8892099274,118340
2001,YR2001,Croatia,HRV,4299642,19672.1961430575,19200
2001,YR2001,Czechia,CZE,10216605,25833.4146699938,122720
2001,YR2001,Denmark,DNK,5358783,49133.2231026505,54250
2001,YR2001,Estonia,EST,1388115,18952.1070075434,15380
2001,YR2001,Finland,FIN,5188008,40842.3417724243,61090
2001,YR2001,France,FRA,61367388,40220.1008603728,376730
2001,YR2001,Germany,DEU,82349925,43576.6365260124,847680
2001,YR2001,Greece,GRC,10862132,30180.2258479604,96610
2001,YR2001,Greenland,GRL,56350,..,..
2001,YR2001,Hungary,HUN,10187576,20249.4476396525,56280
2001,YR2001,Iceland,ISL,284968,42626.9230684437,2160
2001,YR2001,Ireland,IRL,3866243,50266.9576734743,44820
2001,YR2001,Italy,ITA,56974100,43869.4279411713,436570
2001,YR2001,Latvia,LVA,2337170,13990.8438438469,7360
2001,YR2001,Liechtenstein,LIE,33376,..,210
2001,YR2001,Lithuania,LTU,3470818,14872.3790941775,11150
2001,YR2001,Luxembourg,LUX,441525,101143.147977096,9120
2001,YR2001,Monaco,MCO,32444,..,..
2001,YR2001,Netherlands,NLD,16046180,48160.7843668965,167120
2001,YR2001,Norway,NOR,4513751,58018.3114261599,34720
2001,YR2001,Poland,POL,38248076,16385.9971738588,293630
2001,YR2001,Portugal,PRT,10362722,30756.0189546063,61380
2001,YR2001,Romania,ROU,22131970,12992.0052923653,95230
2001,YR2001,San Marino,SMR,27335,78614.202693694,..
2001,YR2001,Slovak Republic,SVK,5378867,16162.4808121368,38580
2001,YR2001,Slovenia,SVN,1992060,27079.4748981347,15380
2001,YR2001,Spain,ESP,40850412,35854.5847170553,294790
2001,YR2001,Sweden,SWE,8895960,41103.7264589774,52500
2001,YR2001,Switzerland,CHE,7229854,60541.1168104481,45150
2001,YR2001,United Kingdom,GBR,59119673,39770.6060210997,545260
2002,YR2002,Andorra,AND,70849,..,529.999971389771
2002,YR2002,Austria,AUT,8081957,47419.2784117541,69370.002746582
2002,YR2002,Belgium,BEL,10332785,43890.5981100134,110849.998474121
2002,YR2002,Croatia,HRV,4302174,20793.7649202038,20280.0006866455
2002,YR2002,Czechia,CZE,10196916,26289.6261389536,118529.998779297
2002,YR2002,Denmark,DNK,5375931,49204.8990055345,53840.0001525879
2002,YR2002,Estonia,EST,1379350,20364.0087374035,14949.9998092651
2002,YR2002,Finland,FIN,5200598,41439.019233448,63439.998626709
2002,YR2002,France,FRA,61816234,40381.4595325319,371019.989013672
2002,YR2002,Germany,DEU,82488495,43417.3079988044,833380.004882813
2002,YR2002,Greece,GRC,10902022,31249.3973548441,96599.9984741211
2002,YR2002,Greenland,GRL,56609,..,..
2002,YR2002,Hungary,HUN,10158608,21270.0124793944,55599.9984741211
2002,YR2002,Iceland,ISL,287523,42484.5161077418,2240.00000953674
2002,YR2002,Ireland,IRL,3931947,52342.8603565805,43930.0003051758
2002,YR2002,Italy,ITA,57059007,43915.385340484,443470.001220703
2002,YR2002,Latvia,LVA,2310173,15157.6207991021,7349.99990463257
2002,YR2002,Liechtenstein,LIE,33693,..,219.999998807907
2002,YR2002,Lithuania,LTU,3443067,16004.4388997159,11220.0002670288
2002,YR2002,Luxembourg,LUX,446175,103317.331098088,9819.99969482422
2002,YR2002,Monaco,MCO,32386,..,..
2002,YR2002,Netherlands,NLD,16148929,47958.3319661157,167429.992675781
2002,YR2002,Norway,NOR,4538159,58540.8454427638,34369.9989318848
2002,YR2002,Poland,POL,38230364,16727.3397661722,287320.007324219
2002,YR2002,Portugal,PRT,10419631,30823.8490440796,65599.9984741211
2002,YR2002,Romania,ROU,21730496,13986.6562544411,93739.9978637695
2002,YR2002,San Marino,SMR,27969,77070.9742314626,..
2002,YR2002,Slovak Republic,SVK,5376912,16897.4603971863,38069.9996948242
2002,YR2002,Slovenia,SVN,1994530,27994.0619768923,15520.0004577637
2002,YR2002,Spain,ESP,41431558,36317.1006783319,312750
2002,YR2002,Sweden,SWE,8924958,41870.2591560099,54020.0004577637
2002,YR2002,Switzerland,CHE,7284753,60040.8774112494,43569.9996948242
2002,YR2002,United Kingdom,GBR,59370479,40303.8672354951,530789.978027344
2003,YR2003,Andorra,AND,73907,..,529.999971389771
2003,YR2003,Austria,AUT,8121423,47633.1140009916,74459.9990844727
2003,YR2003,Belgium,BEL,10376133,44160.9114292454,115500
2003,YR2003,Croatia,HRV,4303399,21944.4266405828,21610.0006103516
2003,YR2003,Czechia,CZE,10193998,27239.5594440384,122769.996643066
2003,YR2003,Denmark,DNK,5390574,49262.6449732556,59229.9995422363
2003,YR2003,Estonia,EST,1370720,22049.6827903416,16940.0005340576
2003,YR2003,Finland,FIN,5213014,42168.6934671901,71709.9990844727
2003,YR2003,France,FRA,62256970,40425.6380520509,376709.991455078
2003,YR2003,Germany,DEU,82534176,43089.4738197519,836789.978027344
2003,YR2003,Greece,GRC,10928070,32981.3517843691,100220.001220703
2003,YR2003,Greenland,GRL,56765,..,..
2003,YR2003,Hungary,HUN,10129552,22200.1034081041,58189.998626709
2003,YR2003,Iceland,ISL,289521,43095.3568616423,2230.00001907349
2003,YR2003,Ireland,IRL,3996521,53049.1678621127,44090.0001525879
2003,YR2003,Italy,ITA,57313203,43781.2199783421,462200.012207031
2003,YR2003,Latvia,LVA,2287955,16593.9176780452,7590.00015258789
2003,YR2003,Liechtenstein,LIE,34000,..,230.000004172325
2003,YR2003,Lithuania,LTU,3415213,17839.7827376226,11229.9995422363
2003,YR2003,Luxembourg,LUX,451630,104743.000088458,10239.9997711182
2003,YR2003,Monaco,MCO,32316,..,..
2003,YR2003,Netherlands,NLD,16225302,47806.8844286609,170360.000610352
2003,YR2003,Norway,NOR,4564855,58728.1569902155,37169.9981689453
2003,YR2003,Poland,POL,38204570,17324.2161873998,297730.010986328
2003,YR2003,Portugal,PRT,10458821,30422.6020285721,60520.0004577637
2003,YR2003,Romania,ROU,21574326,14417.7199430696,98139.9993896484
2003,YR2003,San Marino,SMR,28601,78286.9016424402,..
2003,YR2003,Slovak Republic,SVK,5373374,17838.4034249237,38330.0018310547
2003,YR2003,Slovenia,SVN,1995733,28805.3851190536,15409.9998474121
2003,YR2003,Spain,ESP,42187645,36729.7697105221,318660.003662109
2003,YR2003,Sweden,SWE,8958229,42678.2841388566,55200.0007629395
2003,YR2003,Switzerland,CHE,7339001,59577.7622087745,44840.0001525879
2003,YR2003,United Kingdom,GBR,59647577,41369.4959277234,543039.978027344
2004,YR2004,Andorra,AND,76933,..,560.000002384186
2004,YR2004,Austria,AUT,8171966,48633.2718157639,75800.0030517578
2004,YR2004,Belgium,BEL,10421137,45540.4669120107,114019.996643066
2004,YR2004,Croatia,HRV,4304600,22849.6528412662,21100.0003814697
2004,YR2004,Czechia,CZE,10197101,28542.2548172745,123440.002441406
2004,YR2004,Denmark,DNK,5404523,50446.5416048985,53729.9995422363
2004,YR2004,Estonia,EST,1362550,23691.1529865284,17020.0004577637
2004,YR2004,Finland,FIN,5228172,43724.9661225981,67680.0003051758
2004,YR2004,France,FRA,62716306,41265.1269211355,377790.008544922
2004,YR2004,Germany,DEU,82516260,43605.2786723109,821070.007324219
2004,YR2004,Greece,GRC,10955141,34564.9112761871,99839.9963378906
2004,YR2004,Greenland,GRL,56911,..,..
2004,YR2004,Hungary,HUN,10107146,23362.8116037033,56349.9984741211
2004,YR2004,Iceland,ISL,292074,46051.74388765,2319.9999332428
2004,YR2004,Ireland,IRL,4070262,55623.8868409015,44689.998626709
2004,YR2004,Italy,ITA,57685327,44118.0366368665,472399.993896484
2004,YR2004,Latvia,LVA,2263122,18165.7494053668,7619.99988555908
2004,YR2004,Liechtenstein,LIE,34300,..,230.000004172325
2004,YR2004,Lithuania,LTU,3377075,19226.4692652314,11909.9998474121
2004,YR2004,Luxembourg,LUX,458095,107634.837198018,11659.9998474121
2004,YR2004,Monaco,MCO,32236,..,..
2004,YR2004,Netherlands,NLD,16281779,48586.7046242077,172119.995117188
2004,YR2004,Norway,NOR,4591910,60699.5665822807,37340.0001525879
2004,YR2004,Poland,POL,38182222,18198.100044371,301850.006103516
2004,YR2004,Portugal,PRT,10483861,30892.8198811263,62130.0010681152
2004,YR2004,Romania,ROU,21451748,16012.1919147676,95349.9984741211
2004,YR2004,San Marino,SMR,29093,80463.8951122995,..
2004,YR2004,Slovak Republic,SVK,5372280,18783.8957986386,37430.0003051758
2004,YR2004,Slovenia,SVN,1997012,30041.8145706637,15699.9998092651
2004,YR2004,Spain,ESP,42921895,37228.7982165672,335559.997558594
2004,YR2004,Sweden,SWE,8993531,44354.3910620977,53590.0001525879
2004,YR2004,Switzerland,CHE,7389625,60768.2045734865,45279.9987792969
2004,YR2004,United Kingdom,GBR,59987905,42099.3945384131,543080.017089844
2005,YR2005,Andorra,AND,79826,..,579.999983310699
2005,YR2005,Austria,AUT,8227829,49387.0278641202,76239.9978637695
2005,YR2005,Belgium,BEL,10478617,46342.1866093314,110610.000610352
2005,YR2005,Croatia,HRV,4310145,23793.0530384974,21450.0007629395
2005,YR2005,Czechia,CZE,10211216,30384.4466487841,119989.99786377
2005,YR2005,Denmark,DNK,5419432,51483.273786293,50200.0007629395
2005,YR2005,Estonia,EST,1354775,26096.9883386237,17229.9995422363
2005,YR2005,Finland,FIN,5246096,44786.9096643071,55459.9990844727
2005,YR2005,France,FRA,63188395,41638.0317796772,380660.003662109
2005,YR2005,Germany,DEU,82469422,43949.2881791796,802380.004882813
2005,YR2005,Greece,GRC,10987314,34670.1850265467,101949.996948242
2005,YR2005,Greenland,GRL,56935,..,..
2005,YR2005,Hungary,HUN,10087065,24414.5827800472,55919.9981689453
2005,YR2005,Iceland,ISL,296734,48104.6518132004,2289.99996185303
2005,YR2005,Ireland,IRL,4159914,57548.9967906443,46650.0015258789
2005,YR2005,Italy,ITA,57969484,44260.8274173515,473829.986572266
2005,YR2005,Latvia,LVA,2238799,20331.7000316611,7710.00003814697
2005,YR2005,Liechtenstein,LIE,34603,..,230.000004172325
2005,YR2005,Lithuania,LTU,3322528,21053.1846048184,12829.9999237061
2005,YR2005,Luxembourg,LUX,465158,108632.360015806,11909.9998474121
2005,YR2005,Monaco,MCO,32141,..,..
2005,YR2005,Netherlands,NLD,16319868,49467.4354267059,167929.992675781
2005,YR2005,Norway,NOR,4623291,61870.3645561435,36349.9984741211
2005,YR2005,Poland,POL,38165445,18844.5574819997,301350.006103516
2005,YR2005,Portugal,PRT,10503330,31076.6441205289,65470.0012207031
2005,YR2005,Romania,ROU,21319685,16863.4810766196,94709.9990844727
2005,YR2005,San Marino,SMR,29508,81256.1442831494,..
2005,YR2005,Slovak Republic,SVK,5372807,20026.0753787482,38520.0004577637
2005,YR2005,Slovenia,SVN,2000474,31128.8298416043,15920.0000762939
2005,YR2005,Spain,ESP,43653155,37942.0075754017,350500
2005,YR2005,Sweden,SWE,9029572,45440.2967492535,50209.9990844727
2005,YR2005,Switzerland,CHE,7437115,62040.4395660128,45849.9984741211
2005,YR2005,United Kingdom,GBR,60401206,42926.9927660957,540919.982910156
2006,YR2006,Andorra,AND,80221,..,550.000011920929
2006,YR2006,Austria,AUT,8268641,50840.6944621561,74099.9984741211
2006,YR2006,Belgium,BEL,10547958,47212.577772728,108650.001525879
2006,YR2006,Croatia,HRV,4311159,24949.9351111624,21610.0006103516
2006,YR2006,Czechia,CZE,10238905,32352.8129664551,120599.998474121
2006,YR2006,Denmark,DNK,5437272,53322.2889991783,58130.0010681152
2006,YR2006,Estonia,EST,1346810,28814.9203164655,15979.9995422363
2006,YR2006,Finland,FIN,5266268,46412.2003478176,67019.9966430664
2006,YR2006,France,FRA,63628261,42362.985412525,371549.987792969
2006,YR2006,Germany,DEU,82376451,45678.0819192686,814409.973144531
2006,YR2006,Greece,GRC,11020362,36520.0480347644,100699.996948242
2006,YR2006,Greenland,GRL,56774,..,..
2006,YR2006,Hungary,HUN,10071370,25417.5470560859,55459.9990844727
2006,YR2006,Iceland,ISL,303782,49956.8486452996,2329.99992370605
2006,YR2006,Ireland,IRL,4273591,58812.3062452685,47259.9983215332
2006,YR2006,Italy,ITA,58143979,44918.1703531499,466649.993896484
2006,YR2006,Latvia,LVA,2218357,22975.5627557469,8199.99980926514
2006,YR2006,Liechtenstein,LIE,34889,..,230.000004172325
2006,YR2006,Lithuania,LTU,3269909,22977.9966473047,13020.0004577637
2006,YR2006,Luxembourg,LUX,472637,113346.03578151,11720.0002670288
2006,YR2006,Monaco,MCO,32011,..,..
2006,YR2006,Netherlands,NLD,16346101,51097.3626113331,163699.996948242
2006,YR2006,Norway,NOR,4660677,62846.9386813354,37200.0007629395
2006,YR2006,Poland,POL,38141267,20012.6211116462,314089.996337891
2006,YR2006,Portugal,PRT,10522288,31524.7495680309,60450.0007629395
2006,YR2006,Romania,ROU,21193760,18325.6588582923,99260.0021362305
2006,YR2006,San Marino,SMR,29959,83098.2496299073,..
2006,YR2006,Slovak Republic,SVK,5373054,21725.9265662,37869.9989318848
2006,YR2006,Slovenia,SVN,2006868,32812.7384858502,16290.0009155273
2006,YR2006,Spain,ESP,44397319,38836.5937852313,341779.998779297
2006,YR2006,Sweden,SWE,9080505,47292.3136933265,48900.0015258789
2006,YR2006,Switzerland,CHE,7483934,64163.8050397136,45479.9995422363
2006,YR2006,United Kingdom,GBR,60846820,43533.2205104862,542059.997558594
2007,YR2007,Andorra,AND,78168,..,540.000021457672
2007,YR2007,Austria,AUT,8295487,52565.0739687956,71239.9978637695
2007,YR2007,Belgium,BEL,10625700,48590.4005353331,104589.996337891
2007,YR2007,Croatia,HRV,4310217,26203.4349393049,22879.9991607666
2007,YR2007,Czechia,CZE,10298828,33956.2459846788,123620.002746582
2007,YR2007,Denmark,DNK,5461438,53569.0280238008,53409.9998474121
2007,YR2007,Estonia,EST,1340680,31140.5798350899,19979.9995422363
2007,YR2007,Finland,FIN,5288720,48664.265707071,65099.9984741211
2007,YR2007,France,FRA,64021737,43123.5011328544,362829.986572266
2007,YR2007,Germany,DEU,82266372,47100.6097046962,783799.987792969
2007,YR2007,Greece,GRC,11048473,37619.6608561742,104309.997558594
2007,YR2007,Greenland,GRL,56555,..,..
2007,YR2007,Hungary,HUN,10055780,25527.5638613037,53849.9984741211
2007,YR2007,Iceland,ISL,311566,52827.0101225049,2380.00011444092
2007,YR2007,Ireland,IRL,4398942,60170.4182379259,46360.0006103516
2007,YR2007,Italy,ITA,58438310,45356.5367193485,459369.995117188
2007,YR2007,Latvia,LVA,2200325,25466.7829206417,8529.99973297119
2007,YR2007,Liechtenstein,LIE,35150,..,200.000002980232
2007,YR2007,Lithuania,LTU,3231294,25835.3680157114,13210.000038147
2007,YR2007,Luxembourg,LUX,479993,120647.822958963,11109.9996566772
2007,YR2007,Monaco,MCO,31823,..,..
2007,YR2007,Netherlands,NLD,16381696,52909.9697572206,164550.003051758
2007,YR2007,Norway,NOR,4709153,64062.4393106033,37750
2007,YR2007,Poland,POL,38120560,21437.4577379953,313380.004882813
2007,YR2007,Portugal,PRT,10542964,32251.5690977426,58799.9992370605
2007,YR2007,Romania,ROU,20882982,19943.750072636,96730.0033569336
2007,YR2007,San Marino,SMR,30372,87795.6645372441,..
2007,YR2007,Slovak Republic,SVK,5374622,24072.260266227,37189.998626709
2007,YR2007,Slovenia,SVN,2018122,34907.3688265664,16280.0006866455
2007,YR2007,Spain,ESP,45226803,39498.591328633,354679.992675781
2007,YR2007,Sweden,SWE,9148092,48557.3843477247,47139.9993896484
2007,YR2007,Switzerland,CHE,7551117,66083.4718897397,43540.0009155273
2007,YR2007,United Kingdom,GBR,61322463,44302.8594715415,530500
2008,YR2008,Andorra,AND,76055,..,540.000021457672
2008,YR2008,Austria,AUT,8321496,53166.0542015286,70730.0033569336
2008,YR2008,Belgium,BEL,10709973,48423.515483961,106930.000305176
2008,YR2008,Croatia,HRV,4309705,26731.167404834,21729.9995422363
2008,YR2008,Czechia,CZE,10384603,34580.4433462984,118309.997558594
2008,YR2008,Denmark,DNK,5493621,52982.5317373493,50130.0010681152
2008,YR2008,Estonia,EST,1337090,29621.7645299993,18399.9996185303
2008,YR2008,Finland,FIN,5313399,48817.989492787,56659.9998474121
2008,YR2008,France,FRA,64379696,42993.0595165288,357989.990234375
2008,YR2008,Germany,DEU,82110097,47643.2227372401,789690.002441406
2008,YR2008,Greece,GRC,11077841,37394.1725254225,100410.003662109
2008,YR2008,Greenland,GRL,56328,..,..
2008,YR2008,Hungary,HUN,10038188,25829.0324433882,53009.9983215332
2008,YR2008,Iceland,ISL,317414,52999.4375361804,2180.0000667572
2008,YR2008,Ireland,IRL,4489544,56312.5041323963,45779.9987792969
2008,YR2008,Italy,ITA,58826731,44623.6020153057,444980.010986328
2008,YR2008,Latvia,LVA,2177322,24899.6463833677,8109.99965667725
2008,YR2008,Liechtenstein,LIE,35401,..,219.999998807907
2008,YR2008,Lithuania,LTU,3198231,26784.8800343204,13060.0004196167
2008,YR2008,Luxembourg,LUX,488650,118154.667184464,11020.0004577637
2008,YR2008,Monaco,MCO,31862,..,..
2008,YR2008,Netherlands,NLD,16445593,53848.2522316971,165220.001220703
2008,YR2008,Norway,NOR,4768212,63570.3414789942,36869.9989318848
2008,YR2008,Poland,POL,38125759,22334.7808599997,308329.986572266
2008,YR2008,Portugal,PRT,10558177,32307.912767932,56840.0001525879
2008,YR2008,Romania,ROU,20537875,22166.3232435232,95419.9981689453
2008,YR2008,San Marino,SMR,30700,86422.5481442955,..
2008,YR2008,Slovak Republic,SVK,5379233,25392.4766828873,37099.9984741211
2008,YR2008,Slovenia,SVN,2021316,36075.4669688206,17360.0006103516
2008,YR2008,Spain,ESP,45954106,39218.2916195663,324269.989013672
2008,YR2008,Sweden,SWE,9219637,47963.4937520407,46150.0015258789
2008,YR2008,Switzerland,CHE,7647675,67081.2997981076,44959.9990844727
2008,YR2008,United Kingdom,GBR,61806995,43887.7071344831,515340.026855469
2009,YR2009,Andorra,AND,73852,..,519.999980926514
2009,YR2009,Austria,AUT,8343323,51030.7246778186,64419.9981689453
2009,YR2009,Belgium,BEL,10796493,47064.7900198376,99669.9981689453
2009,YR2009,Croatia,HRV,4305181,24834.3448473747,20309.9994659424
2009,YR2009,Czechia,CZE,10443936,32782.6123492193,111169.998168945
2009,YR2009,Denmark,DNK,5523095,50114.0500523227,47930.0003051758
2009,YR2009,Estonia,EST,1334515,25337.175235261,15050.0001907349
2009,YR2009,Finland,FIN,5338871,44662.100140396,54180.0003051758
2009,YR2009,France,FRA,64710879,41544.0226065122,343730.010986328
2009,YR2009,Germany,DEU,81902307,45044.4863870437,734809.997558594
2009,YR2009,Greece,GRC,11107017,35691.9459430994,94739.9978637695
2009,YR2009,Greenland,GRL,56323,..,..
2009,YR2009,Hungary,HUN,10022650,24162.2676854252,47840.0001525879
2009,YR2009,Iceland,ISL,318499,48770.9503367158,2109.99989509583
2009,YR2009,Ireland,IRL,4535375,52902.8881329505,40560.001373291
2009,YR2009,Italy,ITA,59095365,42074.9212455091,397059.997558594
2009,YR2009,Latvia,LVA,2141669,21704.323785183,7360.0001335144
2009,YR2009,Liechtenstein,LIE,35675,..,209.999993443489
2009,YR2009,Lithuania,LTU,3162916,23065.0619581523,11689.9995803833
2009,YR2009,Luxembourg,LUX,497783,112230.081410148,10439.9995803833
2009,YR2009,Monaco,MCO,32401,..,..
2009,YR2009,Netherlands,NLD,16530388,51607.6057272318,160490.005493164
2009,YR2009,Norway,NOR,4828726,61689.5585425125,37430.0003051758
2009,YR2009,Poland,POL,38151603,22951.7848210238,297260.009765625
2009,YR2009,Portugal,PRT,10568247,31269.4104613004,56299.9992370605
2009,YR2009,Romania,ROU,20367487,21118.5250004853,80709.9990844727
2009,YR2009,San Marino,SMR,31059,76607.0856909794,..
2009,YR2009,Slovak Republic,SVK,5386406,23975.2117503112,33909.9998474121
2009,YR2009,Slovenia,SVN,2039669,33052.2275423946,15510.0002288818
2009,YR2009,Spain,ESP,46362946,37409.6428703791,287489.990234375
2009,YR2009,Sweden,SWE,9298515,45492.768174936,42880.0010681152
2009,YR2009,Switzerland,CHE,7743831,64726.3712845064,43669.9981689453
2009,YR2009,United Kingdom,GBR,62276270,41592.364767012,466489.990234375
2010,YR2010,Andorra,AND,71519,..,519.999980926514
2010,YR2010,Austria,AUT,8363404,51843.4283275453,69959.9990844727
2010,YR2010,Belgium,BEL,10895586,47972.558838523,106720.001220703
2010,YR2010,Croatia,HRV,4295427,24586.1306071014,19459.9990844727
2010,YR2010,Czechia,CZE,10474410,33483.137594809,112250
2010,YR2010,Denmark,DNK,5547683,50825.4122929358,48119.9989318848
2010,YR2010,Estonia,EST,1331475,26015.7463509325,19000
2010,YR2010,Finland,FIN,5363352,45874.6613021399,62529.9987792969
2010,YR2010,France,FRA,65030575,42145.6819456785,347779.998779297
2010,YR2010,Germany,DEU,81776930,46999.2399709894,773070.007324219
2010,YR2010,Greece,GRC,11121341,33693.2114765963,87580.0018310547
2010,YR2010,Greenland,GRL,56905,..,..
2010,YR2010,Hungary,HUN,10000023,24477.5753134225,47880.0010681152
2010,YR2010,Iceland,ISL,318041,47457.6229185836,1960.00003814697
2010,YR2010,Ireland,IRL,4560155,53500.9148897485,40189.998626709
2010,YR2010,Italy,ITA,59277417,42664.3552727925,405269.989013672
2010,YR2010,Latvia,LVA,2097555,21173.4018014357,8520.00045776367
2010,YR2010,Liechtenstein,LIE,35926,..,189.999997615814
2010,YR2010,Lithuania,LTU,3097282,23942.7603567557,12600.0003814697
2010,YR2010,Luxembourg,LUX,506953,114343.988089326,11029.9997329712
2010,YR2010,Monaco,MCO,33178,..,..
2010,YR2010,Netherlands,NLD,16615394,52032.9865022429,171110.000610352
2010,YR2010,Norway,NOR,4889252,61353.4773254345,41409.9998474121
2010,YR2010,Poland,POL,38042794,23692.9092287668,313739.990234375
2010,YR2010,Portugal,PRT,10573100,31798.1538079411,50939.998626709
2010,YR2010,Romania,ROU,20246871,20415.542022561,77620.002746582
2010,YR2010,San Marino,SMR,31608,71156.097992499,..
2010,YR2010,Slovak Republic,SVK,5391428,25561.7062919058,35430.0003051758
2010,YR2010,Slovenia,SVN,2048583,33350.6135931956,15779.9997329712
2010,YR2010,Spain,ESP,46576897,37298.4693037577,273250
2010,YR2010,Sweden,SWE,9378126,47791.3715245947,48130.0010681152
2010,YR2010,Switzerland,CHE,7824909,66133.288392898,45209.9990844727
2010,YR2010,United Kingdom,GBR,62766365,42270.434294324,482440.002441406
2011,YR2011,Andorra,AND,70567,..,490.000009536743
2011,YR2011,Austria,AUT,8391643,53179.1474647432,68269.9966430664
2011,YR2011,Belgium,BEL,11038264,48154.8711461252,96480.0033569336
2011,YR2011,Croatia,HRV,4280622,24649.7958046265,19030.0006866455
2011,YR2011,Czechia,CZE,10496088,34002.1897752206,109169.998168945
2011,YR2011,Denmark,DNK,5570572,51293.2061782002,43099.9984741211
2011,YR2011,Estonia,EST,1327439,27990.136407635,18170.0000762939
2011,YR2011,Finland,FIN,5388272,46825.8248388831,55119.9989318848
2011,YR2011,France,FRA,65345233,42862.415796739,335140.014648438
2011,YR2011,Germany,DEU,80274983,49757.9241566763,746479.98046875
2011,YR2011,Greece,GRC,11104899,30318.4046680383,84550.0030517578
2011,YR2011,Greenland,GRL,56890,..,..
2011,YR2011,Hungary,HUN,9971727,25005.286658847,46909.9998474121
2011,YR2011,Iceland,ISL,319014,48186.1672876621,1889.99998569489
2011,YR2011,Ireland,IRL,4580084,53712.2857359299,36680.0003051758
2011,YR2011,Italy,ITA,59379449,42892.3055641948,396690.002441406
2011,YR2011,Latvia,LVA,2059709,22117.4066807932,7900.00009536743
2011,YR2011,Liechtenstein,LIE,36189,..,180.000007152557
2011,YR2011,Lithuania,LTU,3028115,25968.5834234521,11850.0003814697
2011,YR2011,Luxembourg,LUX,518347,112998.390476598,10899.9996185303
2011,YR2011,Monaco,MCO,33945,..,..
2011,YR2011,Netherlands,NLD,16693074,52594.2290064164,158770.004272461
2011,YR2011,Norway,NOR,4953088,61157.1299274456,39599.9984741211
2011,YR2011,Poland,POL,38063255,24874.1718607858,310589.996337891
2011,YR2011,Portugal,PRT,10557560,31304.8155263075,49869.9989318848
2011,YR2011,Romania,ROU,20147528,21442.9414315812,84059.9975585938
2011,YR2011,San Marino,SMR,32495,63458.8155473964,..
2011,YR2011,Slovak Republic,SVK,5398384,26210.7581840191,34119.9989318848
2011,YR2011,Slovenia,SVN,2052843,33568.067345579,15699.9998092651
2011,YR2011,Spain,ESP,46742697,36863.4930975241,274399.993896484
2011,YR2011,Sweden,SWE,9449213,48947.4393112155,44580.0018310547
2011,YR2011,Switzerland,CHE,7912398,66587.848851125,41189.998626709
2011,YR2011,United Kingdom,GBR,63258810,42389.1462619751,445589.996337891
2012,YR2012,Andorra,AND,71013,..,490.000009536743
2012,YR2012,Austria,AUT,8429991,53297.4447850919,65110.0006103516
2012,YR2012,Belgium,BEL,11106932,48210.9246578014,95269.9966430664
2012,YR2012,Croatia,HRV,4267558,24148.7453554322,17409.9998474121
2012,YR2012,Czechia,CZE,10510785,33688.0998344582,106069.999694824
2012,YR2012,Denmark,DNK,5591572,51216.309409926,38220.0012207031
2012,YR2012,Estonia,EST,1322696,28997.3228845385,16889.9993896484
2012,YR2012,Finland,FIN,5413971,45952.246383366,49409.9998474121
2012,YR2012,France,FRA,65662240,42789.0519131717,338420.013427734
2012,YR2012,Germany,DEU,80425823,49872.4474888681,760130.004882813
2012,YR2012,Greece,GRC,11045011,28322.5730581368,80089.9963378906
2012,YR2012,Greenland,GRL,56810,..,..
2012,YR2012,Hungary,HUN,9920362,24820.5161149403,43430.0003051758
2012,YR2012,Iceland,ISL,320716,48440.2550840897,1860.00001430511
2012,YR2012,Ireland,IRL,4599533,53482.2006452691,37130.0010681152
2012,YR2012,Italy,ITA,59539717,41501.7112309705,376750
2012,YR2012,Latvia,LVA,2034319,23970.4525106364,7570.00017166138
2012,YR2012,Liechtenstein,LIE,36505,..,189.999997615814
2012,YR2012,Lithuania,LTU,2987773,27330.8959483858,11930.0003051758
2012,YR2012,Luxembourg,LUX,530946,112137.135491328,10689.9995803833
2012,YR2012,Monaco,MCO,34700,..,..
2012,YR2012,Netherlands,NLD,16754962,51860.0559942119,157470.001220703
2012,YR2012,Norway,NOR,5018573,61990.6923569269,38490.0016784668
2012,YR2012,Poland,POL,38063164,25258.5933172132,303350.006103516
2012,YR2012,Portugal,PRT,10514844,30156.7015822628,48220.0012207031
2012,YR2012,Romania,ROU,20058035,21953.2303312849,81849.9984741211
2012,YR2012,San Marino,SMR,33132,57854.3183289934,..
2012,YR2012,Slovak Republic,SVK,5407579,26511.2699367746,32349.9984741211
2012,YR2012,Slovenia,SVN,2057159,32613.4905292711,15119.9998855591
2012,YR2012,Spain,ESP,46773055,35749.5127897115,269269.989013672
2012,YR2012,Sweden,SWE,9519374,48300.8425001578,42139.9993896484
2012,YR2012,Switzerland,CHE,7996861,66661.4927508349,42520.0004577637
2012,YR2012,United Kingdom,GBR,63700215,42705.1483005634,467779.998779297
2013,YR2013,Andorra,AND,71367,..,479.999989271164
2013,YR2013,Austria,AUT,8479823,52997.7538166712,65750
2013,YR2013,Belgium,BEL,11159407,48204.5856992867,96589.9963378906
2013,YR2013,Croatia,HRV,4255689,24119.7572169774,17010.0002288818
2013,YR2013,Czechia,CZE,10514272,33661.4684161727,101150.001525879
2013,YR2013,Denmark,DNK,5614932,51479.2664533017,39959.9990844727
2013,YR2013,Estonia,EST,1317997,29525.1188635117,19319.9996948242
2013,YR2013,Finland,FIN,5438972,45328.5753218041,50189.998626709
2013,YR2013,France,FRA,66002289,42813.9335350732,338559.997558594
2013,YR2013,Germany,DEU,80645605,49954.173749339,776150.024414063
2013,YR2013,Greece,GRC,10965211,27810.9112255691,72480.0033569336
2013,YR2013,Greenland,GRL,56483,..,..
2013,YR2013,Hungary,HUN,9893082,25337.5872257154,40759.9983215332
2013,YR2013,Iceland,ISL,323764,50168.6885349698,2029.99997138977
2013,YR2013,Ireland,IRL,4623816,53800.2087807366,35709.9990844727
2013,YR2013,Italy,ITA,60233948,40268.1127892773,346459.991455078
2013,YR2013,Latvia,LVA,2012647,24715.0657086291,7449.99980926514
2013,YR2013,Liechtenstein,LIE,36806,..,189.999997615814
2013,YR2013,Lithuania,LTU,2957689,28589.0266601627,11329.9999237061
2013,YR2013,Luxembourg,LUX,543360,113050.663254336,10149.9996185303
2013,YR2013,Monaco,MCO,35425,..,..
2013,YR2013,Netherlands,NLD,16804432,51640.0766862304,157089.996337891
2013,YR2013,Norway,NOR,5079623,61878.9751793609,39500
2013,YR2013,Poland,POL,38040196,25490.3289111664,298299.987792969
2013,YR2013,Portugal,PRT,10457295,30042.8907185982,46560.001373291
2013,YR2013,Romania,ROU,19983693,22094.3855412497,72089.9963378906
2013,YR2013,San Marino,SMR,33285,57136.9045416551,..
2013,YR2013,Slovak Republic,SVK,5413393,26650.3640050253,32919.9981689453
2013,YR2013,Slovenia,SVN,2059953,32234.0257587339,14550.0001907349
2013,YR2013,Spain,ESP,46620045,35363.5105480176,242809.997558594
2013,YR2013,Sweden,SWE,9600379,48462.1600029489,40540.0009155273
2013,YR2013,Switzerland,CHE,8089346,67080.3673569404,43529.9987792969
2013,YR2013,United Kingdom,GBR,64128273,43192.0779378114,453760.009765625
2014,YR2014,Andorra,AND,71621,..,460.00000834465
2014,YR2014,Austria,AUT,8546356,52932.9001116518,62049.9992370605
2014,YR2014,Belgium,BEL,11209057,48748.6205926039,90139.9993896484
2014,YR2014,Croatia,HRV,4238389,24114.2243450488,16239.9997711182
2014,YR2014,Czechia,CZE,10525347,34386.7049143977,97510.0021362305
2014,YR2014,Denmark,DNK,5643475,52048.3354927846,35819.9996948242
2014,YR2014,Estonia,EST,1314545,30494.0963031973,17940.0005340576
2014,YR2014,Finland,FIN,5461512,44976.7764487708,46159.9998474121
2014,YR2014,France,FRA,66312067,43021.3946358903,306100.006103516
2014,YR2014,Germany,DEU,80982500,50845.5269954271,736010.009765625
2014,YR2014,Greece,GRC,10892413,28129.9613244489,69550.0030517578
2014,YR2014,Greenland,GRL,56295,..,..
2014,YR2014,Hungary,HUN,9866468,26481.1657207028,40630.0010681152
2014,YR2014,Iceland,ISL,327386,50450.7416120996,2049.99995231628
2014,YR2014,Ireland,IRL,4657740,58027.8389827602,35529.9987792969
2014,YR2014,Italy,ITA,60789140,39898.5264609826,327500
2014,YR2014,Latvia,LVA,1993782,25423.4891072025,7280.00020980835
2014,YR2014,Liechtenstein,LIE,37096,..,159.999996423721
2014,YR2014,Lithuania,LTU,2932367,29855.8314910326,10859.9996566772
2014,YR2014,Luxembourg,LUX,556319,113313.578897944,9649.99961853027
2014,YR2014,Monaco,MCO,36110,..,..
2014,YR2014,Netherlands,NLD,16865008,52186.9973861206,149789.993286133
2014,YR2014,Norway,NOR,5137232,62390.1303126574,39110.0006103516
2014,YR2014,Poland,POL,38011735,26488.2002530072,285730.010986328
2014,YR2014,Portugal,PRT,10401062,30444.6002091947,45930.0003051758
2014,YR2014,Romania,ROU,19908979,23091.1553744653,71540.0009155273
2014,YR2014,San Marino,SMR,33389,56558.8718552124,..
2014,YR2014,Slovak Republic,SVK,5418649,27342.6272590659,30440.0005340576
2014,YR2014,Slovenia,SVN,2061980,33093.750438441,13109.9996566772
2014,YR2014,Spain,ESP,46480882,35964.4613049308,240960.006713867
2014,YR2014,Sweden,SWE,9696110,49258.9961639539,39080.0018310547
2014,YR2014,Switzerland,CHE,8188649,67824.0830929271,39790.0009155273
2014,YR2014,United Kingdom,GBR,64602298,44247.0296701665,415600.006103516
2015,YR2015,Andorra,AND,71746,..,469.999998807907
2015,YR2015,Austria,AUT,8642699,52873.8586545571,63240.0016784668
2015,YR2015,Belgium,BEL,11274196,49456.3985817783,95129.997253418
2015,YR2015,Croatia,HRV,4203604,24927.0349236527,16600.0003814697
2015,YR2015,Czechia,CZE,10546059,36168.4185553861,99139.9993896484
2015,YR2015,Denmark,DNK,5683483,52892.6460290247,33700.0007629395
2015,YR2015,Estonia,EST,1315407,31038.8046287051,15539.999961853
2015,YR2015,Finland,FIN,5479531,45072.5902146238,42819.9996948242
2015,YR2015,France,FRA,66548272,43345.7864281559,311299.987792969
2015,YR2015,Germany,DEU,81686611,51159.2974643888,742309.997558594
2015,YR2015,Greece,GRC,10820883,28260.3866739065,68010.0021362305
2015,YR2015,Greenland,GRL,56114,..,..
2015,YR2015,Hungary,HUN,9843028,27528.3058524247,43380.0010681152
2015,YR2015,Iceland,ISL,330815,52142.9328074888,2059.99994277954
2015,YR2015,Ireland,IRL,4701957,71490.8030914262,37060.001373291
2015,YR2015,Italy,ITA,60730582,40247.8290437942,337859.985351563
2015,YR2015,Latvia,LVA,1977527,26628.354680838,7320.00017166138
2015,YR2015,Liechtenstein,LIE,37355,..,159.999996423721
2015,YR2015,Lithuania,LTU,2904910,30748.1963109529,11069.9996948242
2015,YR2015,Luxembourg,LUX,569604,113182.728563365,9130.00011444092
2015,YR2015,Monaco,MCO,36760,..,..
2015,YR2015,Netherlands,NLD,16939923,52974.1162200949,157410.003662109
2015,YR2015,Norway,NOR,5188607,62987.5162863772,39490.0016784668
2015,YR2015,Poland,POL,37986412,27667.6890834735,289079.986572266
2015,YR2015,Portugal,PRT,10358076,31118.7906703279,49849.9984741211
2015,YR2015,Romania,ROU,19815616,23933.1867241818,73319.9996948242
2015,YR2015,San Marino,SMR,33570,57542.9840811896,..
2015,YR2015,Slovak Republic,SVK,5423801,28728.1560075755,30750
2015,YR2015,Slovenia,SVN,2063531,33799.725526308,13140.0003433228
2015,YR2015,Spain,ESP,46444832,37373.9507171987,256279.998779297
2015,YR2015,Sweden,SWE,9799186,50928.962975552,39189.998626709
2015,YR2015,Switzerland,CHE,8282396,68159.2221142537,39090.0001525879
2015,YR2015,United Kingdom,GBR,65116219,44948.3359709008,401079.986572266
2016,YR2016,Andorra,AND,72540,..,469.999998807907
2016,YR2016,Austria,AUT,8736668,53345.7415259818,63680.0003051758
2016,YR2016,Belgium,BEL,11331422,49829.9273887741,94220.0012207031
2016,YR2016,Croatia,HRV,4174349,25995.1913501162,16879.9991607666
2016,YR2016,Czechia,CZE,10566332,37014.9592935816,101730.003356934
2016,YR2016,Denmark,DNK,5728010,54185.0084787703,35319.9996948242
2016,YR2016,Estonia,EST,1315790,32008.9343566614,15989.9997711182
2016,YR2016,Finland,FIN,5495303,46206.7878130494,45700.0007629395
2016,YR2016,France,FRA,66724104,43705.1475593257,313920.013427734
2016,YR2016,Germany,DEU,82348669,51879.6725937905,747150.024414063
2016,YR2016,Greece,GRC,10775971,28239.9192063819,66849.9984741211
2016,YR2016,Greenland,GRL,56186,..,..
2016,YR2016,Hungary,HUN,9814023,28217.3540374351,44250
2016,YR2016,Iceland,ISL,335439,54665.7639158138,1629.99999523163
2016,YR2016,Ireland,IRL,4755335,72106.7986291405,38819.9996948242
2016,YR2016,Italy,ITA,60627498,40837.7376281437,333339.996337891
2016,YR2016,Latvia,LVA,1959537,27509.3363266025,7150.00009536743
2016,YR2016,Liechtenstein,LIE,37609,..,150.000005960464
2016,YR2016,Lithuania,LTU,2868231,31925.8034212317,11199.9998092651
2016,YR2016,Luxembourg,LUX,582014,116283.699681286,8850.00038146973
2016,YR2016,Monaco,MCO,37071,..,..
2016,YR2016,Netherlands,NLD,17030314,53847.8265545448,158539.993286133
2016,YR2016,Norway,NOR,5234519,63104.0807823312,38759.9983215332
2016,YR2016,Poland,POL,37970087,28497.1036117662,299799.987792969
2016,YR2016,Portugal,PRT,10325452,31847.5377347647,48759.9983215332
2016,YR2016,Romania,ROU,19702267,24758.7129896017,71589.9963378906
2016,YR2016,San Marino,SMR,33834,58432.5023655202,..
2016,YR2016,Slovak Republic,SVK,5430798,29248.8845824641,31500
2016,YR2016,Slovenia,SVN,2065042,34853.0421239497,13899.9996185303
2016,YR2016,Spain,ESP,46484062,38476.787200798,247029.998779297
2016,YR2016,Sweden,SWE,9923085,51334.4320301641,38779.9987792969
2016,YR2016,Switzerland,CHE,8373338,68813.6403939646,39669.9981689453
2016,YR2016,United Kingdom,GBR,65611593,45574.8478235175,380809.997558594
2017,YR2017,Andorra,AND,73837,..,469.999998807907
2017,YR2017,Austria,AUT,8797566,54172.9867888254,65860.0006103516
2017,YR2017,Belgium,BEL,11375158,50442.2705419624,92720.0012207031
2017,YR2017,Croatia,HRV,4124531,27206.9654125638,17409.9998474121
2017,YR2017,Czechia,CZE,10594438,38824.8879170919,101830.001831055
2017,YR2017,Denmark,DNK,5764980,55356.680780178,33130.0010681152
2017,YR2017,Estonia,EST,1317384,33821.93290847,16709.9990844727
2017,YR2017,Finland,FIN,5508214,47570.133583848,43020.0004577637
2017,YR2017,France,FRA,66918020,44577.0645745394,317829.986572266
2017,YR2017,Germany,DEU,82657002,53071.4555699913,732200.012207031
2017,YR2017,Greece,GRC,10754679,28604.8609402657,66800.0030517578
2017,YR2017,Greenland,GRL,56171,..,..
2017,YR2017,Hungary,HUN,9787966,29501.1204204706,46439.998626709
2017,YR2017,Iceland,ISL,343400,55638.4920591796,1669.99995708466
2017,YR2017,Ireland,IRL,4807388,77749.2019569363,37779.9987792969
2017,YR2017,Italy,ITA,60536709,41581.120790548,329190.002441406
2017,YR2017,Latvia,LVA,1942248,28673.5633962664,7119.99988555908
2017,YR2017,Liechtenstein,LIE,37889,..,159.999996423721
2017,YR2017,Lithuania,LTU,2828403,33761.871239796,11220.0002670288
2017,YR2017,Luxembourg,LUX,596336,114985.842235989,9000
2017,YR2017,Monaco,MCO,37044,..,..
2017,YR2017,Netherlands,NLD,17131296,55088.6338006744,155759.994506836
2017,YR2017,Norway,NOR,5276968,64050.7561654659,37720.0012207031
2017,YR2017,Poland,POL,37974826,29958.1207092074,312859.985351563
2017,YR2017,Portugal,PRT,10300300,33044.7167387479,53330.0018310547
2017,YR2017,Romania,ROU,19588715,26943.3477378323,74209.9990844727
2017,YR2017,San Marino,SMR,34056,58201.5271010611,..
2017,YR2017,Slovak Republic,SVK,5439232,30061.5514717196,33580.0018310547
2017,YR2017,Slovenia,SVN,2066388,36507.5530416531,14119.9998855591
2017,YR2017,Spain,ESP,46593236,39528.9253872668,263450.012207031
2017,YR2017,Sweden,SWE,10057698,51947.9542478244,38290.0009155273
2017,YR2017,Switzerland,CHE,8451840,69103.570264696,38700.0007629395
2017,YR2017,United Kingdom,GBR,66058859,46372.38660351,367000
2018,YR2018,Andorra,AND,75013,..,490.000009536743
2018,YR2018,Austria,AUT,8840521,55217.2865300768,63060.001373291
2018,YR2018,Belgium,BEL,11427054,51113.4817384021,93660.0036621094
2018,YR2018,Croatia,HRV,4087843,28219.9630188516,16430.0003051758
2018,YR2018,Czechia,CZE,10629928,39941.2853497589,100900.001525879
2018,YR2018,Denmark,DNK,5793636,56178.7746299825,33130.0010681152
2018,YR2018,Estonia,EST,1321977,34979.8670494407,15319.9996948242
2018,YR2018,Finland,FIN,5515525,48048.5246160501,44580.0018310547
2018,YR2018,France,FRA,67158348,45245.9608684875,307049.987792969
2018,YR2018,Germany,DEU,82905782,53431.3928655449,707700.012207031
2018,YR2018,Greece,GRC,10732882,29141.1743829385,65019.9966430664
2018,YR2018,Greenland,GRL,56023,..,..
2018,YR2018,Hungary,HUN,9775564,31122.5027861567,46400.0015258789
2018,YR2018,Iceland,ISL,352721,56816.363605094,1700.00004768372
2018,YR2018,Ireland,IRL,4867316,83340.3915953792,37659.9998474121
2018,YR2018,Italy,ITA,60421760,42045.9214694407,324880.004882813
2018,YR2018,Latvia,LVA,1927174,30051.4025635035,7789.99996185303
2018,YR2018,Liechtenstein,LIE,38181,..,140.000000596046
2018,YR2018,Lithuania,LTU,2801543,35446.708082914,11649.9996185303
2018,YR2018,Luxembourg,LUX,607950,114164.468558094,9319.99969482422
2018,YR2018,Monaco,MCO,37029,..,..
2018,YR2018,Netherlands,NLD,17231624,56060.9136269404,151360.000610352
2018,YR2018,Norway,NOR,5311916,64341.2586813606,37590.0001525879
2018,YR2018,Poland,POL,37974750,31739.2569617723,311910.003662109
2018,YR2018,Portugal,PRT,10283822,34040.7253873665,49500
2018,YR2018,Romania,ROU,19473970,28736.0949971045,75190.0024414063
2018,YR2018,San Marino,SMR,34156,58898.0580772496,..
2018,YR2018,Slovak Republic,SVK,5446771,31229.8632709979,33000
2018,YR2018,Slovenia,SVN,2073894,37995.7163789561,14069.9996948242
2018,YR2018,Spain,ESP,46797754,40255.2537632492,257040.008544922
2018,YR2018,Sweden,SWE,10175214,52349.2924275599,36009.9983215332
2018,YR2018,Switzerland,CHE,8514329,70558.5630191075,37479.9995422363
2018,YR2018,United Kingdom,GBR,66460344,46878.1349608861,360730.010986328
2019,YR2019,Andorra,AND,76343,..,500
2019,YR2019,Austria,AUT,8879920,55806.4382499366,64769.9966430664
2019,YR2019,Belgium,BEL,11488980,51977.1853280951,93010.0021362305
2019,YR2019,Croatia,HRV,4065253,29347.5482268596,16520.0004577637
2019,YR2019,Czechia,CZE,10671870,40989.7266228223,96290.0009155273
2019,YR2019,Denmark,DNK,5814422,56813.9641554635,29700.0007629395
2019,YR2019,Estonia,EST,1326898,36153.4319482746,10180.0003051758
2019,YR2019,Finland,FIN,5521606,48583.4339897935,40709.9990844727
2019,YR2019,France,FRA,67388001,45922.7947390313,300519.989013672
2019,YR2019,Germany,DEU,83092962,53874.3166510099,657400.024414063
2019,YR2019,Greece,GRC,10721582,29721.5857620428,60000
2019,YR2019,Greenland,GRL,56225,..,..
2019,YR2019,Hungary,HUN,9771141,32649.141606821,46380.0010681152
2019,YR2019,Iceland,ISL,360563,56923.1724505126,1639.99998569489
2019,YR2019,Ireland,IRL,4934340,86681.2701326,35750
2019,YR2019,Italy,ITA,59729081,42739.0499116836,317239.990234375
2019,YR2019,Latvia,LVA,1913822,31038.6792668747,7570.00017166138
2019,YR2019,Liechtenstein,LIE,38482,..,150.000005960464
2019,YR2019,Lithuania,LTU,2794137,37184.4536013211,11729.9995422363
2019,YR2019,Luxembourg,LUX,620001,114542.496933956,9489.99977111816
2019,YR2019,Monaco,MCO,37034,..,..
2019,YR2019,Netherlands,NLD,17344874,56784.0372529824,146339.996337891
2019,YR2019,Norway,NOR,5347896,64385.0059928545,35950.0007629395
2019,YR2019,Poland,POL,37965475,33159.749027584,295130.004882813
2019,YR2019,Portugal,PRT,10286263,34945.6615139469,44639.9993896484
2019,YR2019,Romania,ROU,19371648,30000.977830377,73949.9969482422
2019,YR2019,San Marino,SMR,34178,60076.0113443406,..
2019,YR2019,Slovak Republic,SVK,5454147,31973.4616323691,31079.9999237061
2019,YR2019,Slovenia,SVN,2088385,39034.2332483558,13600.0003814697
2019,YR2019,Spain,ESP,47134837,40760.3089598945,239979.995727539
2019,YR2019,Sweden,SWE,10278887,52850.5691792533,35000
2019,YR2019,Switzerland,CHE,8575280,70857.0890798496,37380.0010681152
2019,YR2019,United Kingdom,GBR,66836327,47362.264606579,348920.013427734
2020,YR2020,Andorra,AND,77700,..,..
2020,YR2020,Austria,AUT,8916864,51988.4158297933,..
2020,YR2020,Belgium,BEL,11538604,48978.9342485189,..
2020,YR2020,Croatia,HRV,4047680,26945.9078640121,..
2020,YR2020,Czechia,CZE,10697858,38639.9795202601,..
2020,YR2020,Denmark,DNK,5831404,55518.5971009156,..
2020,YR2020,Estonia,EST,1329522,35883.265325261,..
2020,YR2020,Finland,FIN,5529543,47443.903598625,..
2020,YR2020,France,FRA,67571107,42233.1396001127,..
2020,YR2020,Germany,DEU,83160871,51840.3296919358,..
2020,YR2020,Greece,GRC,10698599,27103.5409073372,..
2020,YR2020,Greenland,GRL,56367,..,..
2020,YR2020,Hungary,HUN,9750149,31231.5959420002,..
2020,YR2020,Iceland,ISL,366463,52174.5723818771,..
2020,YR2020,Ireland,IRL,4985382,91099.7485419568,..
2020,YR2020,Italy,ITA,59438851,39065.2820998578,..
2020,YR2020,Latvia,LVA,1900449,30568.5018156322,..
2020,YR2020,Liechtenstein,LIE,38756,..,..
2020,YR2020,Lithuania,LTU,2794885,37166.4115832708,..
2020,YR2020,Luxembourg,LUX,630419,111751.314751362,..
2020,YR2020,Monaco,MCO,36922,..,..
2020,YR2020,Netherlands,NLD,17441500,54275.0030465677,..
2020,YR2020,Norway,NOR,5379475,63548.0008158322,..
2020,YR2020,Poland,POL,37899070,32546.8259419319,..
2020,YR2020,Portugal,PRT,10297081,32011.3251586829,..
2020,YR2020,Romania,ROU,19265250,29057.2846039286,..
2020,YR2020,San Marino,SMR,34007,56364.2141631912,..
2020,YR2020,Slovak Republic,SVK,5458827,30867.9723975671,..
2020,YR2020,Slovenia,SVN,2102419,37098.119340397,..
2020,YR2020,Spain,ESP,47365655,35967.8915333896,..
2020,YR2020,Sweden,SWE,10353442,51331.2822226344,..
2020,YR2020,Switzerland,CHE,8638167,68670.2394154478,..
2020,YR2020,United Kingdom,GBR,67081000,41984.1057181241,..
2021,YR2021,Andorra,AND,79034,..,..
2021,YR2021,Austria,AUT,8955797,54121.1455420496,..
2021,YR2021,Belgium,BEL,11592952,51739.537932581,..
2021,YR2021,Croatia,HRV,3899000,31630.1766373982,..
2021,YR2021,Czechia,CZE,10505772,40740.9939756632,..
2021,YR2021,Denmark,DNK,5856733,57962.6540943813,..
2021,YR2021,Estonia,EST,1330932,38717.6961505119,..
2021,YR2021,Finland,FIN,5541017,48753.3547090561,..
2021,YR2021,France,FRA,67749632,44993.1259455262,..
2021,YR2021,Germany,DEU,83196078,53179.6544047515,..
2021,YR2021,Greece,GRC,10641221,29548.0389102217,..
2021,YR2021,Greenland,GRL,56653,..,..
2021,YR2021,Hungary,HUN,9709891,33593.1519691848,..
2021,YR2021,Iceland,ISL,372520,53586.1556357122,..
2021,YR2021,Ireland,IRL,5033165,102496.220004421,..
2021,YR2021,Italy,ITA,59109668,41929.4311112097,..
2021,YR2021,Latvia,LVA,1884490,32081.4547187248,..
2021,YR2021,Liechtenstein,LIE,39039,..,..
2021,YR2021,Lithuania,LTU,2800839,39305.6130533838,..
2021,YR2021,Luxembourg,LUX,640064,115683.493708265,..
2021,YR2021,Monaco,MCO,36686,..,..
2021,YR2021,Netherlands,NLD,17533044,56617.3517924422,..
2021,YR2021,Norway,NOR,5408320,65662.1743876638,..
2021,YR2021,Poland,POL,37747124,34915.5235741243,..
2021,YR2021,Portugal,PRT,10325147,33674.5272009225,..
2021,YR2021,Romania,ROU,19119880,30771.4357160501,..
2021,YR2021,San Marino,SMR,33745,..,..
2021,YR2021,Slovak Republic,SVK,5447247,31866.025082395,..
2021,YR2021,Slovenia,SVN,2108079,40036.4854356389,..
2021,YR2021,Spain,ESP,47415750,37913.0757304769,..
2021,YR2021,Sweden,SWE,10415811,53613.4217306257,..
2021,YR2021,Switzerland,CHE,8703405,71032.8412048308,..
2021,YR2021,United Kingdom,GBR,67326569,44978.7147199494,..
,,,,,,
,,,,,,
,,,,,,
Data from database: World Development Indicators,,,,,,
Last Updated: 03/30/2023,,,,,,
